chain,draw,beta,estimate
0,0,0,13.54017163418473
0,0,1,0.7112864336964287
0,1,0,13.625729768185446
0,1,1,-0.15498595326956388
0,2,0,13.499453838344191
0,2,1,0.9628516673351877
0,3,0,13.478530420704079
0,3,1,1.1921287306975394
0,4,0,13.527877874749377
0,4,1,0.6826123473967999
0,5,0,13.504831123498377
0,5,1,0.9253912252599885
0,6,0,13.595773005558137
0,6,1,0.1126214925281204
0,7,0,13.569052214794349
0,7,1,0.36351476236632246
0,8,0,13.51915389543716
0,8,1,0.8328598734775
0,9,0,13.54159159503665
0,9,1,0.6237091167408322
0,10,0,13.50825281781121
0,10,1,0.9153203235814181
0,11,0,13.544993917122152
0,11,1,0.616087794086431
0,12,0,13.477295409641128
0,12,1,1.0983304575938466
0,13,0,13.536324980276165
0,13,1,0.6670427658169145
0,14,0,13.561556170580815
0,14,1,0.4275649780349282
0,15,0,13.51548394860345
0,15,1,0.9951724876973973
0,16,0,13.502492150973374
0,16,1,0.934635179551102
0,17,0,13.566385407767772
0,17,1,0.38336126457160824
0,18,0,13.550064640628209
0,18,1,0.5625781411166455
0,19,0,13.559716975195968
0,19,1,0.4727922017688218
0,20,0,13.485064642140872
0,20,1,1.145802632512553
0,21,0,13.523312047012716
0,21,1,0.7904587529407235
0,22,0,13.55643184613311
0,22,1,0.5368200458728745
0,23,0,13.527574410975413
0,23,1,0.6489799219498128
0,24,0,13.577058667851652
0,24,1,0.31619517033224614
0,25,0,13.528148904246
0,25,1,0.7660661399064302
0,26,0,13.548849958510287
0,26,1,0.46418059438909015
0,27,0,13.519817843017707
0,27,1,0.8750012527980745
0,28,0,13.455445495316946
0,28,1,1.2658626317662727
0,29,0,13.49544153201409
0,29,1,0.9863478786429932
0,30,0,13.536705038764072
0,30,1,0.7402845308959995
0,31,0,13.470302219378604
0,31,1,1.0799655434562538
0,32,0,13.550893187460042
0,32,1,0.5185297567306106
0,33,0,13.527320904946727
0,33,1,0.7865793711270271
0,34,0,13.53233449929268
0,34,1,0.732215346618108
0,35,0,13.524421794720794
0,35,1,0.750731617025782
0,36,0,13.522294283823996
0,36,1,0.7060450236371761
0,37,0,13.561878302876082
0,37,1,0.48670071035935275
0,38,0,13.489519634846484
0,38,1,1.0828035382353793
0,39,0,13.583533747148211
0,39,1,0.238430313767216
0,40,0,13.589126340751815
0,40,1,0.1794910235732636
0,41,0,13.537445894929203
0,41,1,0.6718330036131609
0,42,0,13.518271785315076
0,42,1,1.0554839355683683
0,43,0,13.53096688082816
0,43,1,0.6397050482573579
0,44,0,13.526721258094533
0,44,1,0.81738928562246
0,45,0,13.505152110359449
0,45,1,0.8267750191471009
0,46,0,13.482015394636747
0,46,1,1.0478894609451832
0,47,0,13.539438247767817
0,47,1,0.6403845947978004
0,48,0,13.533498687128985
0,48,1,0.6929485612147225
0,49,0,13.524787006304908
0,49,1,0.7629354625382915
0,50,0,13.48282142980495
0,50,1,1.1505458893225733
0,51,0,13.505132901764636
0,51,1,0.917493361450632
0,52,0,13.562820781424346
0,52,1,0.4082193440892269
0,53,0,13.491251978159465
0,53,1,0.9725933303815822
0,54,0,13.544308737753418
0,54,1,0.5854507506354756
0,55,0,13.5222745147872
0,55,1,0.9409462602863198
0,56,0,13.48772770852875
0,56,1,1.118459312056633
0,57,0,13.487531086993958
0,57,1,1.0524059408091688
0,58,0,13.513485468620578
0,58,1,0.8629523733108699
0,59,0,13.51857151845564
0,59,1,0.8904956068046902
0,60,0,13.527872247821275
0,60,1,0.7259847570448086
0,61,0,13.513925861579192
0,61,1,0.7680951371980462
0,62,0,13.574848791066445
0,62,1,0.3927939145350795
0,63,0,13.547612202540574
0,63,1,0.48630753907778296
0,64,0,13.525458798676551
0,64,1,0.8001535297546554
0,65,0,13.578550114574856
0,65,1,0.291543309128437
0,66,0,13.535210088813832
0,66,1,0.7036606424009579
0,67,0,13.427045691307443
0,67,1,1.4552510558919636
0,68,0,13.580074856274441
0,68,1,0.3023047612713972
0,69,0,13.454206504153312
0,69,1,1.4659809030510538
0,70,0,13.56290138276126
0,70,1,0.42725334936091103
0,71,0,13.502645686638637
0,71,1,0.7831063294961702
0,72,0,13.510841583094088
0,72,1,0.8522345733271469
0,73,0,13.45817037772275
0,73,1,1.3587224899123411
0,74,0,13.540991082219996
0,74,1,0.565489127763056
0,75,0,13.577212919650325
0,75,1,0.3071855235112131
0,76,0,13.485561341699714
0,76,1,0.9386623336684793
0,77,0,13.503670211538392
0,77,1,0.9835876661154093
0,78,0,13.476760557026731
0,78,1,0.9810336543065479
0,79,0,13.54659751477793
0,79,1,0.6253845583858831
0,80,0,13.518388150584766
0,80,1,0.8078372221645913
0,81,0,13.518567158550244
0,81,1,0.7905588253573322
0,82,0,13.492340731390128
0,82,1,1.0793240704604565
0,83,0,13.554695811346658
0,83,1,0.4899072704796929
0,84,0,13.57898275036033
0,84,1,0.31312461373928785
0,85,0,13.542682518734315
0,85,1,0.5360830307361821
0,86,0,13.509571113615877
0,86,1,0.9012666514097506
0,87,0,13.522459830972645
0,87,1,0.7340095207028021
0,88,0,13.550051886944686
0,88,1,0.6776552360245395
0,89,0,13.558147985534726
0,89,1,0.4391008849807014
0,90,0,13.481979552335169
0,90,1,1.1777067426810255
0,91,0,13.59844651272661
0,91,1,0.09918095782348162
0,92,0,13.515108277765094
0,92,1,0.9342694716922448
0,93,0,13.52340159091515
0,93,1,0.8633169250451967
0,94,0,13.551201081756089
0,94,1,0.5058206505277388
0,95,0,13.494723265614985
0,95,1,0.9975677170590496
0,96,0,13.522859837726878
0,96,1,0.846385333468683
0,97,0,13.532125200330237
0,97,1,0.7875834476077291
0,98,0,13.4951507301939
0,98,1,0.9495380488065898
0,99,0,13.502709068599671
0,99,1,0.9967585111020116
0,100,0,13.557576754643238
0,100,1,0.48378553864382495
0,101,0,13.533633803244335
0,101,1,0.6532411063919611
0,102,0,13.519258720014186
0,102,1,0.8733801135770095
0,103,0,13.538239144639943
0,103,1,0.6667786655341948
0,104,0,13.58134910991622
0,104,1,0.22059887067292053
0,105,0,13.501400712484193
0,105,1,0.8868010589064957
0,106,0,13.556418074734093
0,106,1,0.502138093767249
0,107,0,13.496394196571902
0,107,1,0.9206938009717581
0,108,0,13.564477307001217
0,108,1,0.43315639665529715
0,109,0,13.534470008720188
0,109,1,0.54061931657593
0,110,0,13.550472014937998
0,110,1,0.7570387701234382
0,111,0,13.512800544673745
0,111,1,0.9089783890392084
0,112,0,13.457997524625695
0,112,1,1.3117597156469447
0,113,0,13.513153711346787
0,113,1,0.8137384516426224
0,114,0,13.508419953005816
0,114,1,0.9848496513179111
0,115,0,13.518105917362277
0,115,1,0.8856283853191681
0,116,0,13.555890719877244
0,116,1,0.4656468093644453
0,117,0,13.561925983414747
0,117,1,0.4817118823574091
0,118,0,13.571772916086976
0,118,1,0.3503764394294229
0,119,0,13.566366912882138
0,119,1,0.3434756950447646
0,120,0,13.53167655294242
0,120,1,0.6889321294698494
0,121,0,13.488912291292483
0,121,1,1.1978946435851063
0,122,0,13.485074231074357
0,122,1,1.1199409262973818
0,123,0,13.533367847396342
0,123,1,0.7214387177807019
0,124,0,13.482386557646054
0,124,1,1.0903462104846904
0,125,0,13.545622469113352
0,125,1,0.6417361138836309
0,126,0,13.555453726130347
0,126,1,0.5622869946307439
0,127,0,13.525369146721923
0,127,1,0.7244488284427731
0,128,0,13.513030343539812
0,128,1,1.010097151652063
0,129,0,13.6168427544872
0,129,1,-0.07307741502981037
0,130,0,13.500653705273951
0,130,1,0.8932169465420977
0,131,0,13.485615731047174
0,131,1,1.1835650916832645
0,132,0,13.537021890532925
0,132,1,0.6493751609582282
0,133,0,13.564128828481977
0,133,1,0.3954830773303857
0,134,0,13.50792064208365
0,134,1,0.9446388334554245
0,135,0,13.546419271537001
0,135,1,0.6121754922456605
0,136,0,13.484928237366404
0,136,1,1.1026425284528385
0,137,0,13.510875183796665
0,137,1,0.9036922795294514
0,138,0,13.539059587123681
0,138,1,0.6823545390266176
0,139,0,13.481788433636938
0,139,1,0.9708660213867466
0,140,0,13.572323451598072
0,140,1,0.4661579165248753
0,141,0,13.518720547187705
0,141,1,0.744548931104836
0,142,0,13.477229106457127
0,142,1,1.2834934908112083
0,143,0,13.531237927486545
0,143,1,0.6173165214395582
0,144,0,13.497902261502231
0,144,1,1.1852487823500568
0,145,0,13.476637620408601
0,145,1,1.0721172916516526
0,146,0,13.56783101883886
0,146,1,0.3984490193506303
0,147,0,13.488655627533271
0,147,1,1.099415626681382
0,148,0,13.521240981021275
0,148,1,0.6677181008575602
0,149,0,13.552777901984618
0,149,1,0.562466438407521
0,150,0,13.51881216413464
0,150,1,0.880176531944952
0,151,0,13.552530710315942
0,151,1,0.4919483272504986
0,152,0,13.584768218542292
0,152,1,0.22061644336637887
0,153,0,13.541983454928664
0,153,1,0.6080687012083463
0,154,0,13.531952253062714
0,154,1,0.6879227177681634
0,155,0,13.547860606670621
0,155,1,0.5405258162576284
0,156,0,13.55997257099407
0,156,1,0.4180980067177498
0,157,0,13.521895977377259
0,157,1,0.8523384063597683
0,158,0,13.56083137076889
0,158,1,0.42015638824216983
0,159,0,13.53483849540962
0,159,1,0.7689539245338224
0,160,0,13.564806092236095
0,160,1,0.40502677909312046
0,161,0,13.53767662887931
0,161,1,0.6025306651281221
0,162,0,13.528837748361171
0,162,1,0.6124571453810681
0,163,0,13.522151267750306
0,163,1,0.8678647884316296
0,164,0,13.533591540887834
0,164,1,0.7056748247805603
0,165,0,13.53720566558331
0,165,1,0.7681177880582843
0,166,0,13.541668345377301
0,166,1,0.5820367213072943
0,167,0,13.502686338412614
0,167,1,0.9421142862948676
0,168,0,13.541846938531764
0,168,1,0.7160784604325469
0,169,0,13.550160200322418
0,169,1,0.6155468490299965
0,170,0,13.495742703007249
0,170,1,0.879537794147574
0,171,0,13.608510346298964
0,171,1,0.0013495839490316576
0,172,0,13.476354155374604
0,172,1,1.3089973373655401
0,173,0,13.466286900291408
0,173,1,1.3557674838467408
0,174,0,13.483888282927664
0,174,1,1.054935377524172
0,175,0,13.529869181037665
0,175,1,0.7689863007758903
0,176,0,13.540862565519683
0,176,1,0.6422349074027934
0,177,0,13.479077059929871
0,177,1,1.188146408628335
0,178,0,13.608779162648792
0,178,1,-0.0012159886982641222
0,179,0,13.515264612226334
0,179,1,0.9116780764719505
0,180,0,13.553797488675077
0,180,1,0.47675237263412945
0,181,0,13.5544436780275
0,181,1,0.48214476090092373
0,182,0,13.54366171681914
0,182,1,0.6521763079908964
0,183,0,13.524079776557512
0,183,1,0.7521005988642674
0,184,0,13.567416689907954
0,184,1,0.412043630893724
0,185,0,13.51002692737591
0,185,1,0.8231428411693256
0,186,0,13.537202686121374
0,186,1,0.6647918846654699
0,187,0,13.53135841161198
0,187,1,0.6277059614346441
0,188,0,13.508817281445042
0,188,1,0.7756250003061181
0,189,0,13.57640270759166
0,189,1,0.32682206407937286
0,190,0,13.520648189712155
0,190,1,0.7843354938879723
0,191,0,13.512130586082227
0,191,1,0.8893162249813635
0,192,0,13.496780670436493
0,192,1,0.976480056516044
0,193,0,13.574999357725961
0,193,1,0.3369702499962504
0,194,0,13.582510692631795
0,194,1,0.2671933203446599
0,195,0,13.472065483724394
0,195,1,1.307986197353118
0,196,0,13.546177538188804
0,196,1,0.581072097191486
0,197,0,13.578371745111362
0,197,1,0.28175394670783793
0,198,0,13.49975096179189
0,198,1,1.0222224670530902
0,199,0,13.528502385137257
0,199,1,0.7140134750173402
0,200,0,13.53633432722098
0,200,1,0.7231543035883502
0,201,0,13.52755055431997
0,201,1,0.7238335319322209
0,202,0,13.49260334460712
0,202,1,1.0611478774473198
0,203,0,13.55985098288719
0,203,1,0.3943220187841384
0,204,0,13.469788331038115
0,204,1,1.4394042727907586
0,205,0,13.51920549201607
0,205,1,0.8785638658292669
0,206,0,13.518951446364492
0,206,1,0.7983617918236237
0,207,0,13.538678379132024
0,207,1,0.6817717374478398
0,208,0,13.49238064245806
0,208,1,0.9109442519844294
0,209,0,13.58772513223668
0,209,1,0.18720059573856013
0,210,0,13.487334463796143
0,210,1,1.0879894048823007
0,211,0,13.493021832749596
0,211,1,1.0124151493739861
0,212,0,13.526308562008794
0,212,1,0.7498703727783491
0,213,0,13.552311585823066
0,213,1,0.6510291455682015
0,214,0,13.533595823174778
0,214,1,0.6519023325353936
0,215,0,13.595570823031421
0,215,1,0.12053600833151341
0,216,0,13.4693958064408
0,216,1,1.0913081612358355
0,217,0,13.515874962374678
0,217,1,0.843146705638003
0,218,0,13.56135810018462
0,218,1,0.4275855376038005
0,219,0,13.509253883396747
0,219,1,0.8736206422077355
0,220,0,13.50031663439612
0,220,1,1.0459132468093264
0,221,0,13.506714409097123
0,221,1,0.9401352871544425
0,222,0,13.52389046536753
0,222,1,0.8763130169178485
0,223,0,13.506757730103486
0,223,1,0.9483439663490393
0,224,0,13.557539083719488
0,224,1,0.5210260456608149
0,225,0,13.556922927171934
0,225,1,0.5216807336623456
0,226,0,13.494700098044332
0,226,1,1.0588037200599125
0,227,0,13.538118397359652
0,227,1,0.6415933210744438
0,228,0,13.509525215931717
0,228,1,0.9626118091767533
0,229,0,13.538167841395376
0,229,1,0.6752370434269148
0,230,0,13.568443856803011
0,230,1,0.34944497775127276
0,231,0,13.550268707099736
0,231,1,0.5076579186996646
0,232,0,13.554130040661947
0,232,1,0.5846163827006583
0,233,0,13.519588318750122
0,233,1,0.7179070826698758
0,234,0,13.55478055858784
0,234,1,0.5070175232002627
0,235,0,13.55292614486995
0,235,1,0.5169170691235536
0,236,0,13.5434737590995
0,236,1,0.6306213219651035
0,237,0,13.533066303905594
0,237,1,0.6988129459192327
0,238,0,13.53393968037379
0,238,1,0.6614006126412828
0,239,0,13.528497990402895
0,239,1,0.6560203965844539
0,240,0,13.509389424230905
0,240,1,0.940426832166269
0,241,0,13.554842278275814
0,241,1,0.39880013578268053
0,242,0,13.505691396274687
0,242,1,0.7889485775160555
0,243,0,13.522284161760453
0,243,1,0.7481640110909402
0,244,0,13.532266879545894
0,244,1,0.7840069158602154
0,245,0,13.492416827131951
0,245,1,0.9084345889426703
0,246,0,13.46709018250496
0,246,1,1.2659055583366499
0,247,0,13.531336367344146
0,247,1,0.7153489120719886
0,248,0,13.589134290574137
0,248,1,0.17303052135714467
0,249,0,13.50179045961216
0,249,1,1.0147431925385986
0,250,0,13.592332821237834
0,250,1,0.14177990715631955
0,251,0,13.46871805714929
0,251,1,1.2878331247551347
0,252,0,13.576517952515552
0,252,1,0.2690522316117502
0,253,0,13.466420083184252
0,253,1,1.2106491124272962
0,254,0,13.560669732825255
0,254,1,0.4295638528240565
0,255,0,13.510727381617555
0,255,1,0.8560414117780267
0,256,0,13.5251075513232
0,256,1,0.7330950069567242
0,257,0,13.528617820329572
0,257,1,0.7744536766548141
0,258,0,13.491485167352694
0,258,1,1.0941379051669597
0,259,0,13.535717747526288
0,259,1,0.6736491835985965
0,260,0,13.560921466005109
0,260,1,0.3888851810798326
0,261,0,13.517336309600314
0,261,1,0.9897668356111371
0,262,0,13.538047037117725
0,262,1,0.5500710559188098
0,263,0,13.583301894960401
0,263,1,0.21909740031375957
0,264,0,13.575085305276938
0,264,1,0.36983475315290837
0,265,0,13.50199129307324
0,265,1,1.1082803353161788
0,266,0,13.59807784362128
0,266,1,0.1002860486652875
0,267,0,13.512842447527218
0,267,1,0.8992238658241006
0,268,0,13.566500476709447
0,268,1,0.39287952222349404
0,269,0,13.517382506652474
0,269,1,0.8428881590397898
0,270,0,13.52307623028139
0,270,1,0.8450864780241718
0,271,0,13.513324120265544
0,271,1,0.90455922361437
0,272,0,13.53233018784343
0,272,1,0.6738921759039141
0,273,0,13.507149659615607
0,273,1,0.9187944002732791
0,274,0,13.564693583498055
0,274,1,0.4102983601053196
0,275,0,13.53876398535974
0,275,1,0.6810798363738373
0,276,0,13.499793083308074
0,276,1,1.05106753626626
0,277,0,13.576392552231743
0,277,1,0.266292639539881
0,278,0,13.481868434491126
0,278,1,1.1646565023149256
0,279,0,13.544644069463157
0,279,1,0.6206212385932335
0,280,0,13.486500714326665
0,280,1,1.174832637943531
0,281,0,13.653279558567586
0,281,1,-0.3976185421534229
0,282,0,13.450544307576182
0,282,1,1.4388611152776447
0,283,0,13.577974124922017
0,283,1,0.31930685440311674
0,284,0,13.474845956411253
0,284,1,1.2710239097930236
0,285,0,13.530685684496458
0,285,1,0.636779962539688
0,286,0,13.506419723100075
0,286,1,0.9167897873653135
0,287,0,13.514595836975202
0,287,1,0.8613556356705167
0,288,0,13.542740153238439
0,288,1,0.6453473450521513
0,289,0,13.524593909552971
0,289,1,0.7132033699481323
0,290,0,13.530416650580426
0,290,1,0.6826695536818964
0,291,0,13.540897243860062
0,291,1,0.712909046491008
0,292,0,13.458304557950742
0,292,1,1.2551124770518556
0,293,0,13.575429165375954
0,293,1,0.3326701315964536
0,294,0,13.579406098864366
0,294,1,0.26758642350338596
0,295,0,13.533648455390207
0,295,1,0.6941039372676419
0,296,0,13.527583765863332
0,296,1,0.8064281788313197
0,297,0,13.54283391635787
0,297,1,0.6057892064719584
0,298,0,13.556279692671932
0,298,1,0.4505871476747349
0,299,0,13.498912119147558
0,299,1,1.27488496793567
0,300,0,13.490623648861398
0,300,1,1.0754070644219311
0,301,0,13.533235870290033
0,301,1,0.7229445125108558
0,302,0,13.535370327583001
0,302,1,0.6755178732146556
0,303,0,13.553602711118751
0,303,1,0.5547486524619121
0,304,0,13.5316734514986
0,304,1,0.7769616662854563
0,305,0,13.522522701207423
0,305,1,0.77070819696233
0,306,0,13.525019904812552
0,306,1,0.6432111259521484
0,307,0,13.477915631380036
0,307,1,1.1604862347389893
0,308,0,13.460816954840585
0,308,1,1.3943550162963703
0,309,0,13.531615317669642
0,309,1,0.6771468810080535
0,310,0,13.513090582210936
0,310,1,0.7279286273405307
0,311,0,13.525886689791253
0,311,1,0.8871345149268715
0,312,0,13.470533967500685
0,312,1,1.304312195000318
0,313,0,13.528221858638323
0,313,1,0.8494522362332385
0,314,0,13.56683751839627
0,314,1,0.36710525961668006
0,315,0,13.478466643024081
0,315,1,1.2273047282704186
0,316,0,13.589885208420634
0,316,1,0.1495420848771652
0,317,0,13.551535274893364
0,317,1,0.5737210886298095
0,318,0,13.479592681478584
0,318,1,1.1198333682404291
0,319,0,13.482388038495312
0,319,1,1.137854806722076
0,320,0,13.516279720138705
0,320,1,0.9092332425414404
0,321,0,13.499461453250456
0,321,1,1.0031775421999367
0,322,0,13.506840567147984
0,322,1,0.9189698406488389
0,323,0,13.48838940044826
0,323,1,0.9927126729779427
0,324,0,13.52274334408982
0,324,1,0.813489024124655
0,325,0,13.514117487883025
0,325,1,0.9600579110319319
0,326,0,13.530223782471271
0,326,1,0.6216875097819438
0,327,0,13.562565336385608
0,327,1,0.37451047059945813
0,328,0,13.555255982977712
0,328,1,0.5214147664934532
0,329,0,13.482947085963916
0,329,1,1.1498198820888976
0,330,0,13.525316522342822
0,330,1,0.7621290347362273
0,331,0,13.540739610539989
0,331,1,0.5466203173790373
0,332,0,13.552147788151615
0,332,1,0.4995025759705462
0,333,0,13.49983324457463
0,333,1,1.0068409392926294
0,334,0,13.463255318437177
0,334,1,1.535405458961184
0,335,0,13.493599282392575
0,335,1,0.9192510915957485
0,336,0,13.53446910817193
0,336,1,0.8049932697599954
0,337,0,13.516142706085128
0,337,1,0.7335716288209283
0,338,0,13.49889285688013
0,338,1,0.9477478701579217
0,339,0,13.524072301954142
0,339,1,0.7376742960716527
0,340,0,13.539824835223353
0,340,1,0.6204882694378537
0,341,0,13.565332834273509
0,341,1,0.3673275544328585
0,342,0,13.448836324141942
0,342,1,1.295047123995561
0,343,0,13.610415037052727
0,343,1,-0.016743757145283967
0,344,0,13.483607429165467
0,344,1,1.1237056701936674
0,345,0,13.507936225804649
0,345,1,0.7875660423080236
0,346,0,13.598704788363557
0,346,1,0.08631086253406325
0,347,0,13.505549918294344
0,347,1,1.062863616195543
0,348,0,13.539500507086958
0,348,1,0.6692963268110755
0,349,0,13.501795909402935
0,349,1,0.8010284674581771
0,350,0,13.593361928756114
0,350,1,0.13151526699548252
0,351,0,13.444875141013068
0,351,1,1.570018190011243
0,352,0,13.601664777005107
0,352,1,0.0728336109705265
0,353,0,13.437884696419493
0,353,1,1.6638211677434847
0,354,0,13.496854440194975
0,354,1,1.1292013410493138
0,355,0,13.51885274618349
0,355,1,0.9405677771464306
0,356,0,13.447697312997878
0,356,1,1.2779100955371288
0,357,0,13.568802860080227
0,357,1,0.37621142302201244
0,358,0,13.457724167242134
0,358,1,1.4052881280485177
0,359,0,13.566230716220637
0,359,1,0.38593402183716335
0,360,0,13.541784773369002
0,360,1,0.5746487866370545
0,361,0,13.533378982456968
0,361,1,0.6314341268376582
0,362,0,13.581249591771552
0,362,1,0.30638947582225373
0,363,0,13.487368167682577
0,363,1,1.0598192951924614
0,364,0,13.600315703185668
0,364,1,0.07644185996466223
0,365,0,13.523605628462837
0,365,1,0.9593469551048102
0,366,0,13.518658099230922
0,366,1,0.7824651133819973
0,367,0,13.534191953461862
0,367,1,0.84866871935343
0,368,0,13.524368029684426
0,368,1,0.7084745613354823
0,369,0,13.529036161549833
0,369,1,0.8691988368803584
0,370,0,13.47464482648396
0,370,1,1.234096607821427
0,371,0,13.544116761143641
0,371,1,0.5734575054995904
0,372,0,13.533319156240301
0,372,1,0.6563652970974932
0,373,0,13.546874576786276
0,373,1,0.46514490068074316
0,374,0,13.546208324117043
0,374,1,0.6347771207025207
0,375,0,13.49886007765989
0,375,1,0.815587388312438
0,376,0,13.518046645541075
0,376,1,0.7651309092651134
0,377,0,13.493953024522316
0,377,1,1.2771526182911173
0,378,0,13.52206790067999
0,378,1,0.8226923524723105
0,379,0,13.499991562211688
0,379,1,1.0190151081277818
0,380,0,13.543498741223628
0,380,1,0.6313177329237772
0,381,0,13.51561378618942
0,381,1,0.8808442244808663
0,382,0,13.498083677669081
0,382,1,0.9578881502047341
0,383,0,13.529192917906803
0,383,1,0.762955212912148
0,384,0,13.558230407874149
0,384,1,0.41895208069118
0,385,0,13.563496916765525
0,385,1,0.45011701690286066
0,386,0,13.551928121689818
0,386,1,0.5145964533047336
0,387,0,13.495723454570408
0,387,1,1.191332213200938
0,388,0,13.515692984058042
0,388,1,0.8456482176266302
0,389,0,13.540942364033938
0,389,1,0.6288342514350614
0,390,0,13.54876901175291
0,390,1,0.530303423175901
0,391,0,13.55630572699425
0,391,1,0.4709028287461631
0,392,0,13.543214778909746
0,392,1,0.5383463005446013
0,393,0,13.56416787813365
0,393,1,0.4252000909861511
0,394,0,13.454324791235512
0,394,1,1.5682354148375963
0,395,0,13.514840553487051
0,395,1,0.8276270802375696
0,396,0,13.528487648734005
0,396,1,0.7830801418158809
0,397,0,13.599201798297194
0,397,1,0.08050303519059812
0,398,0,13.503360611917962
0,398,1,1.1260886574538986
0,399,0,13.514966469133542
0,399,1,0.9000531991703687
0,400,0,13.56378982269904
0,400,1,0.3953882056162837
0,401,0,13.508199514131226
0,401,1,0.8583612339037552
0,402,0,13.57161372063635
0,402,1,0.3612804081234621
0,403,0,13.529365834662544
0,403,1,0.7747714758957025
0,404,0,13.538579361519895
0,404,1,0.6418297785488064
0,405,0,13.5139327219866
0,405,1,0.7912510441419626
0,406,0,13.52040118228791
0,406,1,0.7430131539103388
0,407,0,13.546190089257939
0,407,1,0.5495150734078853
0,408,0,13.512983966436426
0,408,1,0.890751406384394
0,409,0,13.540041156747893
0,409,1,0.6659643023882356
0,410,0,13.500933144395077
0,410,1,0.947050153602054
0,411,0,13.525836617501202
0,411,1,0.6349483646447206
0,412,0,13.543363821819606
0,412,1,0.6441648273224427
0,413,0,13.50031216146945
0,413,1,0.9817045806687515
0,414,0,13.565799136872336
0,414,1,0.3816607873124732
0,415,0,13.519689168078688
0,415,1,0.7978634347466858
0,416,0,13.489463422352143
0,416,1,0.901656690588367
0,417,0,13.534924039305784
0,417,1,0.767882280980225
0,418,0,13.486881612632663
0,418,1,1.2031393553386232
0,419,0,13.512856446192869
0,419,1,0.8471387312591147
0,420,0,13.490886721363873
0,420,1,1.106805090989809
0,421,0,13.49507937413005
0,421,1,1.012050682691569
0,422,0,13.526144290205123
0,422,1,0.7478350613950674
0,423,0,13.536706585889563
0,423,1,0.6644602043728304
0,424,0,13.547149097969665
0,424,1,0.4647973257578308
0,425,0,13.521774348075155
0,425,1,0.727419077453006
0,426,0,13.477482537632932
0,426,1,1.295495720625103
0,427,0,13.512979734459076
0,427,1,1.1021671125666368
0,428,0,13.541610141685993
0,428,1,0.5205202831577586
0,429,0,13.514526314875704
0,429,1,0.8437331095880988
0,430,0,13.600624209487915
0,430,1,0.07439354864677848
0,431,0,13.531835185953078
0,431,1,0.7743264080604436
0,432,0,13.519723726762471
0,432,1,0.7484357963978165
0,433,0,13.519208686550849
0,433,1,0.9097570915597284
0,434,0,13.532924550659393
0,434,1,0.7451303669215602
0,435,0,13.516913929975708
0,435,1,0.8175996353143768
0,436,0,13.546088117733955
0,436,1,0.5824792105106469
0,437,0,13.623997199344164
0,437,1,-0.13200711607764554
0,438,0,13.479085028617177
0,438,1,1.0854253482566874
0,439,0,13.484223185873878
0,439,1,1.1902445426975308
0,440,0,13.588309989197095
0,440,1,0.19965863221959465
0,441,0,13.542925513192063
0,441,1,0.529741196116584
0,442,0,13.563737899381952
0,442,1,0.4838042069538668
0,443,0,13.5299783581492
0,443,1,0.6806074596681198
0,444,0,13.562690069169772
0,444,1,0.47810535403224075
0,445,0,13.495018578197865
0,445,1,1.0801977296198155
0,446,0,13.50872841214039
0,446,1,0.9490092618502943
0,447,0,13.585960572543968
0,447,1,0.20727243636365053
0,448,0,13.525797618613469
0,448,1,0.7120198505414416
0,449,0,13.498486004162586
0,449,1,1.0345258444789327
0,450,0,13.540448217058852
0,450,1,0.6188164937076258
0,451,0,13.522617870952004
0,451,1,0.7412032475722763
0,452,0,13.545608488248263
0,452,1,0.5722084700019211
0,453,0,13.5697809171991
0,453,1,0.3614413367029691
0,454,0,13.53872310698687
0,454,1,0.5434039030901746
0,455,0,13.538274909649385
0,455,1,0.6722343705811018
0,456,0,13.504950731393068
0,456,1,1.0039293246364613
0,457,0,13.504910859259299
0,457,1,1.0169875160331534
0,458,0,13.516065942964541
0,458,1,0.8534645354764738
0,459,0,13.44780153222907
0,459,1,1.272231177840109
0,460,0,13.534076082519427
0,460,1,0.6400890390184865
0,461,0,13.505394900746719
0,461,1,1.040322551895161
0,462,0,13.525625131557696
0,462,1,0.7646633411102712
0,463,0,13.504493547819196
0,463,1,1.0731000000826345
0,464,0,13.517242514258436
0,464,1,0.9839698810017625
0,465,0,13.485946071824333
0,465,1,1.1364210978193492
0,466,0,13.483493294751634
0,466,1,1.1806283272430398
0,467,0,13.528309596523036
0,467,1,0.7569330097497347
0,468,0,13.566971997054148
0,468,1,0.44173975659320025
0,469,0,13.517663834109047
0,469,1,0.7492681766374463
0,470,0,13.494565154202094
0,470,1,1.0583260471653724
0,471,0,13.532757871845924
0,471,1,0.6986014115405798
0,472,0,13.504502336823446
0,472,1,0.9435732686438503
0,473,0,13.55623152724732
0,473,1,0.508809172179536
0,474,0,13.554198968157642
0,474,1,0.4653794465731284
0,475,0,13.541904681061823
0,475,1,0.7926002354348095
0,476,0,13.575347733138576
0,476,1,0.29817102979815213
0,477,0,13.528143680786576
0,477,1,0.7730828000696328
0,478,0,13.493926380012214
0,478,1,1.0015371787901561
0,479,0,13.546356456215365
0,479,1,0.5301726167613604
0,480,0,13.539669082961293
0,480,1,0.7119238394268875
0,481,0,13.49896890526193
0,481,1,1.0325460136110847
0,482,0,13.541084156323535
0,482,1,0.5697652847146287
0,483,0,13.521422909403066
0,483,1,0.8998581495027422
0,484,0,13.527899396102448
0,484,1,0.7230810023682092
0,485,0,13.510161087908115
0,485,1,0.9637281816007777
0,486,0,13.498712200964537
0,486,1,0.8443874113181097
0,487,0,13.504987745710642
0,487,1,0.9940394691078167
0,488,0,13.508322034042754
0,488,1,0.8546176868820805
0,489,0,13.517891666224171
0,489,1,0.8054585898381338
0,490,0,13.48145782646577
0,490,1,1.0392565856370737
0,491,0,13.506528729453501
0,491,1,1.1859746368072628
0,492,0,13.527019762233392
0,492,1,0.6827544318024865
0,493,0,13.489101041994932
0,493,1,1.1784278375145634
0,494,0,13.583763045929013
0,494,1,0.24969352155532243
0,495,0,13.53088650645225
0,495,1,0.7787320423872497
0,496,0,13.538769921639972
0,496,1,0.6350525527707612
0,497,0,13.576342712066841
0,497,1,0.2591943735645551
0,498,0,13.532436040712627
0,498,1,0.7388783352962346
0,499,0,13.465896072325341
0,499,1,1.3058724950245186
0,500,0,13.506424934225345
0,500,1,0.8593472119419348
0,501,0,13.568733292491975
0,501,1,0.4362107089049331
0,502,0,13.550395351826545
0,502,1,0.5282947474366592
0,503,0,13.553471748378993
0,503,1,0.5316078578267287
0,504,0,13.4870685984065
0,504,1,1.0718815722649666
0,505,0,13.51570488246126
0,505,1,0.868973776475993
0,506,0,13.49535384434997
0,506,1,0.9862775139342832
0,507,0,13.522741631036707
0,507,1,0.9531823639961292
0,508,0,13.538892966716524
0,508,1,0.5798826586402236
0,509,0,13.541498045218072
0,509,1,0.5486078172388635
0,510,0,13.494885820500116
0,510,1,0.9324156492252061
0,511,0,13.549300443642911
0,511,1,0.6158306153749434
0,512,0,13.55482374164969
0,512,1,0.45805286301670695
0,513,0,13.520267411757308
0,513,1,0.9032859017333779
0,514,0,13.526846469237622
0,514,1,0.6880528501194112
0,515,0,13.564340816544005
0,515,1,0.45465534359294185
0,516,0,13.506828903607907
0,516,1,1.0017045410283743
0,517,0,13.513414004379023
0,517,1,0.8777360444033734
0,518,0,13.60133531901783
0,518,1,0.06655162669544662
0,519,0,13.499465890215438
0,519,1,1.2335308946890315
0,520,0,13.552579676408108
0,520,1,0.5091376821486417
0,521,0,13.494069357295482
0,521,1,1.1579293755739688
0,522,0,13.51862909256202
0,522,1,0.8527422916288534
0,523,0,13.532549121950598
0,523,1,0.7516408480669895
0,524,0,13.552163731044354
0,524,1,0.47202244846266667
0,525,0,13.500437120453757
0,525,1,0.9015693885237638
0,526,0,13.520032085439583
0,526,1,0.8515917245879866
0,527,0,13.519299867277978
0,527,1,0.6846959223568723
0,528,0,13.484540167559684
0,528,1,0.9220127031098417
0,529,0,13.521742803666434
0,529,1,0.8149070717667605
0,530,0,13.508434781442599
0,530,1,0.9635132136396557
0,531,0,13.52296755330743
0,531,1,0.9215683102507101
0,532,0,13.558487444734682
0,532,1,0.41381135855557594
0,533,0,13.487059254769362
0,533,1,1.331249998132284
0,534,0,13.504229048566167
0,534,1,0.7623763468040307
0,535,0,13.51276253632637
0,535,1,0.7411626709899464
0,536,0,13.472978367194543
0,536,1,1.3114566918366217
0,537,0,13.55913507112646
0,537,1,0.44576913701724696
0,538,0,13.509868871180416
0,538,1,1.0288566384781654
0,539,0,13.509112555940641
0,539,1,0.8714180095470774
0,540,0,13.542877835605896
0,540,1,0.5953117995070523
0,541,0,13.509560247474477
0,541,1,0.9930798587648985
0,542,0,13.602086214572342
0,542,1,0.06387408728529798
0,543,0,13.532114188721483
0,543,1,0.8107637682764729
0,544,0,13.49277568711167
0,544,1,1.0344590125130653
0,545,0,13.55914651745418
0,545,1,0.4432115529190867
0,546,0,13.51729321453163
0,546,1,0.7719367737405202
0,547,0,13.50817035977382
0,547,1,0.8587397018158548
0,548,0,13.536441474126324
0,548,1,0.6491684927906903
0,549,0,13.484274687684483
0,549,1,1.084253088197346
0,550,0,13.499061204453568
0,550,1,0.9260960632892764
0,551,0,13.508438811025448
0,551,1,0.956811214679512
0,552,0,13.505887598657809
0,552,1,1.0198424311511198
0,553,0,13.541390515474891
0,553,1,0.5491900101873667
0,554,0,13.514310561361736
0,554,1,0.8159081255191541
0,555,0,13.535879908541611
0,555,1,0.6427734624179756
0,556,0,13.533949919463097
0,556,1,0.6126521693272945
0,557,0,13.54907066876117
0,557,1,0.5760641504841326
0,558,0,13.550333923426622
0,558,1,0.5418102828962
0,559,0,13.52851376246189
0,559,1,0.7090286826010646
0,560,0,13.531043371785277
0,560,1,0.5749664005501363
0,561,0,13.51495678031652
0,561,1,0.8733713757909026
0,562,0,13.51159990960447
0,562,1,0.9177635607391852
0,563,0,13.48151474418449
0,563,1,1.0350168836089764
0,564,0,13.51804290577524
0,564,1,0.7748672776131228
0,565,0,13.582269734502255
0,565,1,0.20609336423601696
0,566,0,13.489457579412798
0,566,1,1.2459842389691151
0,567,0,13.558741816870336
0,567,1,0.44904546718242666
0,568,0,13.564236969952129
0,568,1,0.40770558237660626
0,569,0,13.533878943658937
0,569,1,0.7095828924070872
0,570,0,13.514119173070695
0,570,1,0.9382208612358732
0,571,0,13.613893420931694
0,571,1,-0.04097955844204562
0,572,0,13.521705798575018
0,572,1,0.9367128512365883
0,573,0,13.562959932767603
0,573,1,0.3934807651459342
0,574,0,13.527887156361338
0,574,1,0.8375302662478297
0,575,0,13.539595944915435
0,575,1,0.5442268019305839
0,576,0,13.50013008143863
0,576,1,0.9803317328161679
0,577,0,13.532535326595184
0,577,1,0.6875773604471198
0,578,0,13.563098611307588
0,578,1,0.42711393168276296
0,579,0,13.541821433242891
0,579,1,0.6548364282975165
0,580,0,13.511030333896132
0,580,1,0.8816251416530874
0,581,0,13.524342605485552
0,581,1,0.8305573467412047
0,582,0,13.565735403106014
0,582,1,0.37310758925968973
0,583,0,13.515191257995527
0,583,1,0.8566119800831266
0,584,0,13.543538754433989
0,584,1,0.6869657270310389
0,585,0,13.544722932720797
0,585,1,0.5693277444208454
0,586,0,13.537766571528842
0,586,1,0.6183418698318349
0,587,0,13.530590868006335
0,587,1,0.6632673894752529
0,588,0,13.498107088779717
0,588,1,1.0536710365591262
0,589,0,13.535638707724127
0,589,1,0.6586584986055206
0,590,0,13.47645088566817
0,590,1,1.3864866426632463
0,591,0,13.570679442608638
0,591,1,0.32250277577081343
0,592,0,13.589351168923512
0,592,1,0.19360902450871434
0,593,0,13.52223949006125
0,593,1,0.6582924481599607
0,594,0,13.518880179944599
0,594,1,0.9323866917274908
0,595,0,13.507577765839507
0,595,1,0.874257383541163
0,596,0,13.530388187159376
0,596,1,0.7155781789535247
0,597,0,13.561787820438317
0,597,1,0.45706072693939176
0,598,0,13.522302610437084
0,598,1,0.9224309772169409
0,599,0,13.550289317127568
0,599,1,0.6914468933810418
0,600,0,13.500262485097382
0,600,1,0.9285061888928863
0,601,0,13.512649385128544
0,601,1,0.8900610868513793
0,602,0,13.570439316646373
0,602,1,0.3408472066165414
0,603,0,13.50271892928609
0,603,1,0.9915532473640716
0,604,0,13.520619164520973
0,604,1,0.8802121493308337
0,605,0,13.554128657775268
0,605,1,0.5374723345755121
0,606,0,13.52127405933585
0,606,1,0.7613332233638157
0,607,0,13.517103925119361
0,607,1,0.7888576880575963
0,608,0,13.562550573013354
0,608,1,0.4522122719485964
0,609,0,13.528804035864802
0,609,1,0.7396897423837879
0,610,0,13.553827754907532
0,610,1,0.5261193057768284
0,611,0,13.551967297481934
0,611,1,0.542776429819097
0,612,0,13.506712895653703
0,612,1,0.8670071295566918
0,613,0,13.499876099582785
0,613,1,0.9456374858791513
0,614,0,13.560145215292378
0,614,1,0.5349919422132451
0,615,0,13.505736729120104
0,615,1,0.9034293611365951
0,616,0,13.545809656000625
0,616,1,0.5702833644406339
0,617,0,13.546925318645345
0,617,1,0.6025381977270747
0,618,0,13.51221627533725
0,618,1,0.780785331384336
0,619,0,13.509263694753937
0,619,1,0.9489260897092001
0,620,0,13.560559717899178
0,620,1,0.5579188358015001
0,621,0,13.542042811330612
0,621,1,0.6024294158405865
0,622,0,13.52970183332876
0,622,1,0.7040681843148544
0,623,0,13.559831603540324
0,623,1,0.4717431584850853
0,624,0,13.56385945390128
0,624,1,0.4535714545859351
0,625,0,13.507541515404652
0,625,1,1.0547562739924692
0,626,0,13.574228239335225
0,626,1,0.3182727496214656
0,627,0,13.527253798531099
0,627,1,0.838577672015648
0,628,0,13.55908763752387
0,628,1,0.41787838939641475
0,629,0,13.518571979066335
0,629,1,0.7871656297464997
0,630,0,13.475586446937053
0,630,1,1.4889471280402249
0,631,0,13.580603693980486
0,631,1,0.22421633797857
0,632,0,13.523202972424144
0,632,1,0.8047968059916556
0,633,0,13.540756893892674
0,633,1,0.5966232972500349
0,634,0,13.552749762846291
0,634,1,0.5178599208457272
0,635,0,13.603646598051753
0,635,1,0.04678291274421102
0,636,0,13.480651862769559
0,636,1,1.1003537829713743
0,637,0,13.603119135278778
0,637,1,0.049658277878887346
0,638,0,13.487778766123634
0,638,1,1.1089960564513424
0,639,0,13.487063939237746
0,639,1,1.0887451787692626
0,640,0,13.57585714618023
0,640,1,0.2655385873468802
0,641,0,13.579217303904395
0,641,1,0.2563526032752953
0,642,0,13.489167324417624
0,642,1,1.0031975742228316
0,643,0,13.490332422065839
0,643,1,1.1042939803446608
0,644,0,13.55168428025501
0,644,1,0.5572041036948768
0,645,0,13.532100691446196
0,645,1,0.6491442085686553
0,646,0,13.517942411491356
0,646,1,0.8010319667343423
0,647,0,13.489266961974543
0,647,1,1.0484285805029459
0,648,0,13.543503645560962
0,648,1,0.6683272505529064
0,649,0,13.517021239609628
0,649,1,0.7572477906868549
0,650,0,13.55846955778611
0,650,1,0.46250758469369135
0,651,0,13.529512009533851
0,651,1,0.7257927271729134
0,652,0,13.508275160413188
0,652,1,0.9219439700499329
0,653,0,13.541325089618226
0,653,1,0.6976290995531462
0,654,0,13.5404682208499
0,654,1,0.6075707937401315
0,655,0,13.468457762506521
0,655,1,1.2954293685019802
0,656,0,13.504257785645775
0,656,1,0.8621840871048959
0,657,0,13.510519834084953
0,657,1,0.9980578023676621
0,658,0,13.550654722896962
0,658,1,0.6233149904089066
0,659,0,13.569231096668833
0,659,1,0.36525978923443714
0,660,0,13.50828510422807
0,660,1,0.8774661782578371
0,661,0,13.5102310597263
0,661,1,0.8880046859963211
0,662,0,13.52081092135103
0,662,1,0.7181539832457056
0,663,0,13.497316736750262
0,663,1,0.9926486422457753
0,664,0,13.453273567564677
0,664,1,1.4343372874628382
0,665,0,13.564396406735469
0,665,1,0.3871635448590447
0,666,0,13.515067373321497
0,666,1,0.8194529189153247
0,667,0,13.483151034627165
0,667,1,1.2798331323378263
0,668,0,13.525150067288555
0,668,1,0.7771978424712492
0,669,0,13.551360926171954
0,669,1,0.4735700821795449
0,670,0,13.514552512363629
0,670,1,0.7929631015859957
0,671,0,13.485376627194544
0,671,1,1.008566366474402
0,672,0,13.517724984256999
0,672,1,0.9617768815367829
0,673,0,13.598031121316223
0,673,1,0.08389185292544382
0,674,0,13.531115896342575
0,674,1,0.766084163086482
0,675,0,13.558486239903205
0,675,1,0.4584110492731391
0,676,0,13.513152115571074
0,676,1,0.8093064361801219
0,677,0,13.55643864930654
0,677,1,0.512426208733598
0,678,0,13.542201155352863
0,678,1,0.6685198572838275
0,679,0,13.499357078946906
0,679,1,1.1025213699038332
0,680,0,13.512802014202205
0,680,1,0.7660076126378579
0,681,0,13.502320482985414
0,681,1,0.9958329054304188
0,682,0,13.558921893992448
0,682,1,0.4372836117809449
0,683,0,13.577064921022128
0,683,1,0.273307979322408
0,684,0,13.490541766479442
0,684,1,1.2026899155283226
0,685,0,13.482752721531728
0,685,1,1.1204082806259381
0,686,0,13.505690781810953
0,686,1,0.9428435605470413
0,687,0,13.563111187855883
0,687,1,0.40303784997251807
0,688,0,13.524260237853394
0,688,1,0.7229500541214805
0,689,0,13.563669795416601
0,689,1,0.4233302709254025
0,690,0,13.507491914134917
0,690,1,0.9940050225640745
0,691,0,13.552998535491724
0,691,1,0.536900731877395
0,692,0,13.462689703688493
0,692,1,1.316471898175364
0,693,0,13.519090533605567
0,693,1,0.8040275896511323
0,694,0,13.50095986750864
0,694,1,1.100338356926339
0,695,0,13.539085030028064
0,695,1,0.7388900384016388
0,696,0,13.489663121989285
0,696,1,1.4089536796481938
0,697,0,13.49667115119935
0,697,1,1.0118998413855878
0,698,0,13.551862623496524
0,698,1,0.5336135578542675
0,699,0,13.523900348110425
0,699,1,0.881477047567922
0,700,0,13.575359568267396
0,700,1,0.2687657081377937
0,701,0,13.49961117000313
0,701,1,1.0325672503273873
0,702,0,13.525632321448441
0,702,1,0.7721424820881961
0,703,0,13.512342755827488
0,703,1,0.8584062991458059
0,704,0,13.497607544068467
0,704,1,0.9109191364607441
0,705,0,13.528946051935216
0,705,1,0.8316249816072873
0,706,0,13.481906496262598
0,706,1,1.0125723498173482
0,707,0,13.519096482432088
0,707,1,0.7095239045340788
0,708,0,13.530198983590141
0,708,1,0.6555782753218344
0,709,0,13.531158946431276
0,709,1,0.7056078782448534
0,710,0,13.52336008187988
0,710,1,0.826369961680685
0,711,0,13.546026436323787
0,711,1,0.6618330917479955
0,712,0,13.542012490707455
0,712,1,0.59683258262906
0,713,0,13.547232848059839
0,713,1,0.5206763617290378
0,714,0,13.508119953687501
0,714,1,0.8602067518424866
0,715,0,13.526429931774969
0,715,1,0.7489560617388735
0,716,0,13.53695140288136
0,716,1,0.625991212853733
0,717,0,13.5222108380974
0,717,1,0.8129233159731643
0,718,0,13.558898792589796
0,718,1,0.5703392722971055
0,719,0,13.538831243979434
0,719,1,0.6437205206264138
0,720,0,13.556047826099539
0,720,1,0.5209988359544396
0,721,0,13.515091677302456
0,721,1,0.7730424279453065
0,722,0,13.551369342716278
0,722,1,0.5724549673588631
0,723,0,13.508830484488666
0,723,1,1.1013524466088722
0,724,0,13.56921700110175
0,724,1,0.38629266862208256
0,725,0,13.583820605919904
0,725,1,0.23181482050335725
0,726,0,13.500611805742787
0,726,1,0.9368375089311284
0,727,0,13.532303651543955
0,727,1,0.8669270538474211
0,728,0,13.54516718491989
0,728,1,0.5713609649025514
0,729,0,13.554582170663252
0,729,1,0.5478316512129905
0,730,0,13.51875623690704
0,730,1,0.8173654314706521
0,731,0,13.559919307376813
0,731,1,0.4320941862812469
0,732,0,13.507098689978257
0,732,1,0.9595155299247069
0,733,0,13.535550664792792
0,733,1,0.7152399931063573
0,734,0,13.495021572138853
0,734,1,1.1196148425740542
0,735,0,13.52569531674823
0,735,1,0.7231023508984104
0,736,0,13.516136867532438
0,736,1,0.9596775874697664
0,737,0,13.499815054380015
0,737,1,1.0982756445138269
0,738,0,13.572101296809802
0,738,1,0.360028165627838
0,739,0,13.53056641484482
0,739,1,0.6234618206302346
0,740,0,13.543286374370338
0,740,1,0.6411233928352459
0,741,0,13.552626784451812
0,741,1,0.599861152022166
0,742,0,13.604090465929742
0,742,1,0.03890713983041398
0,743,0,13.486786107314062
0,743,1,1.0692433139171509
0,744,0,13.572024056080389
0,744,1,0.43797513434283436
0,745,0,13.532202197618014
0,745,1,0.6036838227467052
0,746,0,13.519558442725744
0,746,1,1.0084903665466276
0,747,0,13.596512759917152
0,747,1,0.11731315893709127
0,748,0,13.481215585671459
0,748,1,1.3316119295290776
0,749,0,13.526500469289878
0,749,1,0.6785022048566959
0,750,0,13.56746749519575
0,750,1,0.34393080646071855
0,751,0,13.573778311489606
0,751,1,0.3441298284059242
0,752,0,13.512338207597075
0,752,1,0.9109277152889619
0,753,0,13.565363555885035
0,753,1,0.39491817038861404
0,754,0,13.548618342928046
0,754,1,0.6029706200200352
0,755,0,13.505389902778983
0,755,1,1.0023548220843264
0,756,0,13.535679218887696
0,756,1,0.6425608347111929
0,757,0,13.542986136935388
0,757,1,0.6311668964403676
0,758,0,13.518749306173184
0,758,1,0.8932060291452517
0,759,0,13.552225636704561
0,759,1,0.5808038294640938
0,760,0,13.506980103225896
0,760,1,1.0408043103561038
0,761,0,13.524523919524972
0,761,1,0.8005726928002358
0,762,0,13.52785689586881
0,762,1,0.7053479163276106
0,763,0,13.524870128346903
0,763,1,0.7391435481533987
0,764,0,13.54937630141155
0,764,1,0.6386791932752246
0,765,0,13.494950405570917
0,765,1,1.0926517303382017
0,766,0,13.53984649936678
0,766,1,0.7393259504817498
0,767,0,13.50903754435854
0,767,1,0.9451007243195757
0,768,0,13.588337700723516
0,768,1,0.20104075892523005
0,769,0,13.57721296043435
0,769,1,0.3295459884641412
0,770,0,13.46846750171081
0,770,1,1.1133978570276033
0,771,0,13.522942814961178
0,771,1,0.8288281403538732
0,772,0,13.540551729713394
0,772,1,0.6717025104437221
0,773,0,13.509478637254219
0,773,1,0.8952165682238857
0,774,0,13.561241329911306
0,774,1,0.46795255774372396
0,775,0,13.546739745572557
0,775,1,0.5500461149086442
0,776,0,13.547027533831447
0,776,1,0.4988825582516297
0,777,0,13.547783973249963
0,777,1,0.5864251349325659
0,778,0,13.564392181449415
0,778,1,0.3696537109883747
0,779,0,13.510581979559632
0,779,1,0.7587136284007163
0,780,0,13.521917033364968
0,780,1,0.8880818252662006
0,781,0,13.45257265096777
0,781,1,1.3827221777992347
0,782,0,13.46315452304019
0,782,1,1.2842459770058832
0,783,0,13.508240969215624
0,783,1,0.9879327645933006
0,784,0,13.501120764750748
0,784,1,0.9564022602879005
0,785,0,13.540059811492293
0,785,1,0.5655265694171195
0,786,0,13.559431114903235
0,786,1,0.5347574840478558
0,787,0,13.539387491033256
0,787,1,0.5661915908173212
0,788,0,13.57404890826473
0,788,1,0.3526936480936914
0,789,0,13.450471529448475
0,789,1,1.1990673995689007
0,790,0,13.544672690985317
0,790,1,0.6144316639582628
0,791,0,13.490231701735055
0,791,1,0.9808313595187909
0,792,0,13.577176968812037
0,792,1,0.299495342508383
0,793,0,13.637308704283601
0,793,1,-0.28830711696457023
0,794,0,13.488531699846792
0,794,1,0.9317117817127966
0,795,0,13.583869468509944
0,795,1,0.30462919518416126
0,796,0,13.532302167393645
0,796,1,0.5850303025918019
0,797,0,13.470729165787992
0,797,1,1.1300905119567712
0,798,0,13.4861955984509
0,798,1,1.1506294627655822
0,799,0,13.53051552176015
0,799,1,0.7142685347510253
0,800,0,13.522755466790294
0,800,1,0.8124631623368445
0,801,0,13.58679404925954
0,801,1,0.23439086108596444
0,802,0,13.521623132664017
0,802,1,0.7900514452402275
0,803,0,13.49813810116788
0,803,1,1.156585776954605
0,804,0,13.568744349523932
0,804,1,0.3782996339140801
0,805,0,13.488936249447177
0,805,1,0.9188787604851961
0,806,0,13.583327814812499
0,806,1,0.23426872058398104
0,807,0,13.555155499554527
0,807,1,0.489577486837368
0,808,0,13.56137098371269
0,808,1,0.48795424535683873
0,809,0,13.541398355258009
0,809,1,0.6903474450463274
0,810,0,13.520601205809868
0,810,1,0.8096209447895011
0,811,0,13.506738673805012
0,811,1,0.9136049833471886
0,812,0,13.505919507853712
0,812,1,0.9889841441749068
0,813,0,13.518323533281544
0,813,1,0.8416066684208398
0,814,0,13.560056320506316
0,814,1,0.5440690915741458
0,815,0,13.542536057530588
0,815,1,0.7109915216506522
0,816,0,13.539764653434151
0,816,1,0.640805430509862
0,817,0,13.534566471888263
0,817,1,0.7182189494588551
0,818,0,13.521087054226074
0,818,1,0.7598922990864573
0,819,0,13.53586304853344
0,819,1,0.7143746085027557
0,820,0,13.505362876000895
0,820,1,0.9076394797849693
0,821,0,13.564520834046014
0,821,1,0.42711736654722543
0,822,0,13.540991417148325
0,822,1,0.6885547832510369
0,823,0,13.571192774152575
0,823,1,0.37381885645968066
0,824,0,13.497535885380206
0,824,1,1.0707796975425476
0,825,0,13.537498519361804
0,825,1,0.6582287959610834
0,826,0,13.513859455799313
0,826,1,0.7977045983718938
0,827,0,13.541436953524776
0,827,1,0.6852829838819436
0,828,0,13.54189963057991
0,828,1,0.5772122165715744
0,829,0,13.558900496945602
0,829,1,0.47979169360759094
0,830,0,13.548619543075112
0,830,1,0.5120333771588588
0,831,0,13.57933608806725
0,831,1,0.2769742768334671
0,832,0,13.556617123418217
0,832,1,0.44215385027132137
0,833,0,13.558506816155266
0,833,1,0.4273548121077235
0,834,0,13.551114145013658
0,834,1,0.44198671263307704
0,835,0,13.529596006013824
0,835,1,0.6991076175290288
0,836,0,13.619010414588685
0,836,1,-0.08017245915299274
0,837,0,13.485455421679104
0,837,1,1.1907389306339544
0,838,0,13.533289146025474
0,838,1,0.719309316567261
0,839,0,13.568748044345192
0,839,1,0.3583711952245651
0,840,0,13.548254783004026
0,840,1,0.5279440584447961
0,841,0,13.546155892520254
0,841,1,0.5502969985112726
0,842,0,13.561814404238902
0,842,1,0.4292344293149735
0,843,0,13.555360153504378
0,843,1,0.4829746898235024
0,844,0,13.522941916090145
0,844,1,0.8518136863777116
0,845,0,13.563675793031738
0,845,1,0.40727693432836837
0,846,0,13.477998345761803
0,846,1,1.3039260142595457
0,847,0,13.536030748320183
0,847,1,0.7570340717341278
0,848,0,13.584553969723672
0,848,1,0.23801223503775992
0,849,0,13.539830265738289
0,849,1,0.6953258948614548
0,850,0,13.5319545024362
0,850,1,0.6436591906536961
0,851,0,13.445239302663037
0,851,1,1.5149834998339238
0,852,0,13.538127796247622
0,852,1,0.716303452658203
0,853,0,13.47919347914451
0,853,1,1.3180573161725513
0,854,0,13.610341640288306
0,854,1,-0.015088350713791025
0,855,0,13.537924144995369
0,855,1,0.6996680463281686
0,856,0,13.52774766949551
0,856,1,0.9851594668686429
0,857,0,13.566570052093546
0,857,1,0.4443652685045867
0,858,0,13.470863326773186
0,858,1,1.4064753257126672
0,859,0,13.516613415465294
0,859,1,0.7657446706768123
0,860,0,13.518118396034039
0,860,1,0.7915612656520191
0,861,0,13.524319556866633
0,861,1,0.784149724976329
0,862,0,13.571216547389758
0,862,1,0.32803842989241294
0,863,0,13.525610824344085
0,863,1,0.8027229098990055
0,864,0,13.505411072065078
0,864,1,1.008190819753172
0,865,0,13.544004449699601
0,865,1,0.646654429529772
0,866,0,13.493709676563826
0,866,1,1.0687232471630508
0,867,0,13.487020228000826
0,867,1,0.9149611856773804
0,868,0,13.547655643320548
0,868,1,0.5823989836451365
0,869,0,13.546589089641877
0,869,1,0.6164967354920162
0,870,0,13.539373060397809
0,870,1,0.5984702705649637
0,871,0,13.562325738443162
0,871,1,0.46254551014242107
0,872,0,13.508237167398956
0,872,1,0.9317452595949698
0,873,0,13.448617435708274
0,873,1,1.4462483207359644
0,874,0,13.547588175705416
0,874,1,0.5526383097242746
0,875,0,13.504941638425615
0,875,1,0.9018007474591703
0,876,0,13.52787098557955
0,876,1,0.7210465176260118
0,877,0,13.599530541765223
0,877,1,0.08155589021822064
0,878,0,13.538606339819287
0,878,1,0.569347186545354
0,879,0,13.540154079300368
0,879,1,0.6686608874917804
0,880,0,13.492571670662908
0,880,1,1.0700231073470965
0,881,0,13.492259878597416
0,881,1,1.0449163451825947
0,882,0,13.52410496436168
0,882,1,0.8051316698217106
0,883,0,13.496629244643758
0,883,1,0.9879339619242254
0,884,0,13.538464266465406
0,884,1,0.595235673508646
0,885,0,13.53489932859829
0,885,1,0.743773386895623
0,886,0,13.556434342013517
0,886,1,0.5958265702630087
0,887,0,13.550798196405712
0,887,1,0.5486024465690059
0,888,0,13.54325295351092
0,888,1,0.5715846845508292
0,889,0,13.584522246196533
0,889,1,0.18325827044662923
0,890,0,13.5297188378006
0,890,1,0.8154671552692012
0,891,0,13.530553816789112
0,891,1,0.6783107061600474
0,892,0,13.515722452928454
0,892,1,0.8175806083390759
0,893,0,13.536788737545544
0,893,1,0.691492581859516
0,894,0,13.557800653679791
0,894,1,0.45709838284505405
0,895,0,13.544144746627126
0,895,1,0.6911752120766103
0,896,0,13.485667977803368
0,896,1,1.061340376866234
0,897,0,13.501591381333933
0,897,1,1.0275188045567585
0,898,0,13.499344281215857
0,898,1,1.0376835966290676
0,899,0,13.529369206482388
0,899,1,0.793810518872461
0,900,0,13.544830970729944
0,900,1,0.7196542780320333
0,901,0,13.549703773837708
0,901,1,0.6496635550457005
0,902,0,13.56498168686282
0,902,1,0.4418023760054103
0,903,0,13.483733199034237
0,903,1,1.0236777750914616
0,904,0,13.559422682559546
0,904,1,0.515627920069624
0,905,0,13.501982939268636
0,905,1,0.932246944245338
0,906,0,13.52634854499928
0,906,1,0.7146874353522094
0,907,0,13.528017078685572
0,907,1,0.7915096111911422
0,908,0,13.49905148105299
0,908,1,0.8947918979125187
0,909,0,13.549153867516413
0,909,1,0.5400614866372536
0,910,0,13.468794281187824
0,910,1,1.3166717558090308
0,911,0,13.546097751445458
0,911,1,0.7628888796375709
0,912,0,13.49201612535217
0,912,1,1.0723175024879013
0,913,0,13.554723772112029
0,913,1,0.5541606049457641
0,914,0,13.529645132585559
0,914,1,0.7856520673710894
0,915,0,13.549451492136024
0,915,1,0.4308262653305852
0,916,0,13.473402178351243
0,916,1,1.2875055883287656
0,917,0,13.546563212295771
0,917,1,0.5368067382670708
0,918,0,13.579897145140375
0,918,1,0.27920891282631294
0,919,0,13.494071915474716
0,919,1,1.0972473570004757
0,920,0,13.53191852785757
0,920,1,0.7135814029632537
0,921,0,13.534490639146247
0,921,1,0.6367510724089043
0,922,0,13.563446763152372
0,922,1,0.4246930820181012
0,923,0,13.498634577848081
0,923,1,0.8476469476145297
0,924,0,13.518126113544184
0,924,1,0.9651440715801753
0,925,0,13.52149082618105
0,925,1,0.7478784582099423
0,926,0,13.596264868865696
0,926,1,0.11667122467714112
0,927,0,13.510381831733081
0,927,1,0.9061590170283921
0,928,0,13.55168290125997
0,928,1,0.6271126749703531
0,929,0,13.443984000875146
0,929,1,1.5540572968884252
0,930,0,13.55021295371945
0,930,1,0.49625538571380223
0,931,0,13.537338723837177
0,931,1,0.5623187971091765
0,932,0,13.455400257882461
0,932,1,1.3654922392351032
0,933,0,13.520011359470583
0,933,1,0.7928840981210105
0,934,0,13.513159862028001
0,934,1,0.8120591783069923
0,935,0,13.536142309602761
0,935,1,0.6507375855467932
0,936,0,13.529770052774051
0,936,1,0.7108802112669411
0,937,0,13.487272493091918
0,937,1,1.1277658294971444
0,938,0,13.450854360748082
0,938,1,1.4357363288932619
0,939,0,13.513191423970051
0,939,1,0.907681675178266
0,940,0,13.559607423636814
0,940,1,0.4357204736554333
0,941,0,13.56211139633266
0,941,1,0.49005198400914224
0,942,0,13.545926039065716
0,942,1,0.558001652412324
0,943,0,13.535862157332224
0,943,1,0.63784409472638
0,944,0,13.529973595889574
0,944,1,0.7267845021831066
0,945,0,13.523207425645747
0,945,1,0.7878345588178074
0,946,0,13.486921397967784
0,946,1,1.159038854389004
0,947,0,13.513024994913437
0,947,1,0.8483419018434393
0,948,0,13.555917151245007
0,948,1,0.4442481727359566
0,949,0,13.542610108166162
0,949,1,0.605120564851886
0,950,0,13.53290152833062
0,950,1,0.764520411332972
0,951,0,13.557235154641415
0,951,1,0.5491985797711367
0,952,0,13.483598235172913
0,952,1,1.1402180056776228
0,953,0,13.519690464552806
0,953,1,0.806544947461966
0,954,0,13.519571241874294
0,954,1,0.8474297061211818
0,955,0,13.474911068770245
0,955,1,1.2048096034355986
0,956,0,13.485130094616075
0,956,1,1.054626848268808
0,957,0,13.56604550675068
0,957,1,0.4350124609601364
0,958,0,13.50819168925595
0,958,1,0.8987460548342675
0,959,0,13.514471126781006
0,959,1,0.8953361478385348
0,960,0,13.556640951725397
0,960,1,0.4689126457810101
0,961,0,13.53750261957477
0,961,1,0.637988280776891
0,962,0,13.50759575528896
0,962,1,0.9493195876776173
0,963,0,13.478166524225223
0,963,1,1.4667188650351486
0,964,0,13.554548441893632
0,964,1,0.5220650648070249
0,965,0,13.48862588392312
0,965,1,1.0054035330510425
0,966,0,13.529118004596775
0,966,1,0.690384973662603
0,967,0,13.558860850031278
0,967,1,0.40285498232278477
0,968,0,13.553786722068189
0,968,1,0.549383676193073
0,969,0,13.52543126591569
0,969,1,0.7538537150041472
0,970,0,13.535164160460312
0,970,1,0.6728783670072191
0,971,0,13.511157705432645
0,971,1,0.8172668816099887
0,972,0,13.550157342375305
0,972,1,0.5153083864511502
0,973,0,13.512695920637585
0,973,1,0.8586884877792406
0,974,0,13.538794152015486
0,974,1,0.6540760289401671
0,975,0,13.472040787621447
0,975,1,1.061192190016987
0,976,0,13.544683764801245
0,976,1,0.5802171814470287
0,977,0,13.55319004202009
0,977,1,0.48674444171627984
0,978,0,13.55162683671627
0,978,1,0.5193542418661898
0,979,0,13.512066871055229
0,979,1,0.9113158486580691
0,980,0,13.552782561780905
0,980,1,0.5549457727614387
0,981,0,13.554823445176195
0,981,1,0.5363704237400851
0,982,0,13.518897241771567
0,982,1,0.8099250659567826
0,983,0,13.521157050303904
0,983,1,0.8471760979911994
0,984,0,13.495348970544576
0,984,1,1.0321149094806041
0,985,0,13.567260998123395
0,985,1,0.4154975462891755
0,986,0,13.494237016815992
0,986,1,0.9564736069764485
0,987,0,13.553939386888384
0,987,1,0.541020131603898
0,988,0,13.569297782371152
0,988,1,0.35677422612128995
0,989,0,13.543395338546855
0,989,1,0.7281891140822713
0,990,0,13.539283810282722
0,990,1,0.6524164434397899
0,991,0,13.546766702664021
0,991,1,0.5692096642232092
0,992,0,13.486114596184825
0,992,1,1.09773445784973
0,993,0,13.551888338752306
0,993,1,0.5096377091000935
0,994,0,13.490331747788694
0,994,1,0.9857195310629541
0,995,0,13.508963018736464
0,995,1,0.9237839917007195
0,996,0,13.5152758462092
0,996,1,0.7974060374661464
0,997,0,13.551098602026306
0,997,1,0.5011217747221787
0,998,0,13.482036893590134
0,998,1,1.0409850939725116
0,999,0,13.571257843881286
0,999,1,0.29185229520833045
1,0,0,13.549040169814392
1,0,1,0.5087842113293973
1,1,0,13.58465476354621
1,1,1,0.2607806724113184
1,2,0,13.554084571148039
1,2,1,0.48196702097166216
1,3,0,13.492323979978478
1,3,1,1.089038957952145
1,4,0,13.577121300858142
1,4,1,0.25893060602234697
1,5,0,13.523206413537912
1,5,1,0.8160676132086545
1,6,0,13.550032824668783
1,6,1,0.4593759888755771
1,7,0,13.526240501506166
1,7,1,0.6842830830979333
1,8,0,13.529730594038826
1,8,1,0.6185266092527252
1,9,0,13.530393183050125
1,9,1,0.7096855945674558
1,10,0,13.546349238886664
1,10,1,0.6463673921163042
1,11,0,13.5334811438338
1,11,1,0.7177107516510143
1,12,0,13.509188882111308
1,12,1,0.7516213063320051
1,13,0,13.600813458484678
1,13,1,0.0760123940011626
1,14,0,13.602669533270959
1,14,1,0.05292448039007001
1,15,0,13.53858762860575
1,15,1,0.5827889265703633
1,16,0,13.496136113830422
1,16,1,0.9564976860841742
1,17,0,13.529787922370078
1,17,1,0.7347379993221135
1,18,0,13.572868223574176
1,18,1,0.32372345719691703
1,19,0,13.554870345421536
1,19,1,0.4981574206269983
1,20,0,13.486414628922216
1,20,1,1.1800697053038016
1,21,0,13.459141484439751
1,21,1,1.419272229427165
1,22,0,13.559968654469808
1,22,1,0.4098258968443328
1,23,0,13.48363449730353
1,23,1,0.9459831623943578
1,24,0,13.51710484152085
1,24,1,0.832831787501218
1,25,0,13.537493358350334
1,25,1,0.6670487028404414
1,26,0,13.489589596504887
1,26,1,1.0471824053058574
1,27,0,13.53202401676487
1,27,1,0.7775609507060163
1,28,0,13.494354159830877
1,28,1,1.126313606239036
1,29,0,13.513290131110718
1,29,1,0.9283877121376576
1,30,0,13.512692656110247
1,30,1,1.0552111621002995
1,31,0,13.514891387401752
1,31,1,0.8459916863662134
1,32,0,13.471499528603614
1,32,1,1.1695372024418111
1,33,0,13.551895118940974
1,33,1,0.4616989347541451
1,34,0,13.527023631857293
1,34,1,0.7798675371973525
1,35,0,13.522212415315725
1,35,1,0.8197965620678105
1,36,0,13.582270682310085
1,36,1,0.2693786652092062
1,37,0,13.496855019387045
1,37,1,1.0621074923596574
1,38,0,13.508717880767986
1,38,1,0.8706144848349266
1,39,0,13.553655012111143
1,39,1,0.5087123477195304
1,40,0,13.546350785255173
1,40,1,0.5269056475738603
1,41,0,13.486339125055526
1,41,1,0.9623917101570957
1,42,0,13.538666612630132
1,42,1,0.6040542571762627
1,43,0,13.498558681814634
1,43,1,0.9693801551378666
1,44,0,13.514369981400124
1,44,1,0.8784929647188622
1,45,0,13.515295761083419
1,45,1,0.9776780756610427
1,46,0,13.447859592303972
1,46,1,1.2711091534371612
1,47,0,13.562973538483764
1,47,1,0.4262947223992722
1,48,0,13.504027584856445
1,48,1,0.8611284977786261
1,49,0,13.511763801509513
1,49,1,0.7940016337954536
1,50,0,13.574940338521577
1,50,1,0.33676920697255436
1,51,0,13.532128395674189
1,51,1,0.7555353023372567
1,52,0,13.537744735521985
1,52,1,0.6075320202863306
1,53,0,13.549017472770924
1,53,1,0.5824390084019906
1,54,0,13.565421220544257
1,54,1,0.3879152096280725
1,55,0,13.473178522945192
1,55,1,1.373702674815734
1,56,0,13.482661693280948
1,56,1,1.2000826033809489
1,57,0,13.545643712874055
1,57,1,0.590314670927331
1,58,0,13.625246711605223
1,58,1,-0.1654399509173332
1,59,0,13.547898860673747
1,59,1,0.7553173252054921
1,60,0,13.520157523680718
1,60,1,0.8881184616886088
1,61,0,13.561251788496747
1,61,1,0.4618039557046168
1,62,0,13.572832647673462
1,62,1,0.3472373685430574
1,63,0,13.517858909632666
1,63,1,0.8858951109548395
1,64,0,13.579485772476895
1,64,1,0.327170842096264
1,65,0,13.542238432897543
1,65,1,0.6641804514237867
1,66,0,13.570397863818451
1,66,1,0.3510004288787087
1,67,0,13.530957324396974
1,67,1,0.7567548083906186
1,68,0,13.497811583438622
1,68,1,1.024956558278618
1,69,0,13.48620354387526
1,69,1,0.998041339874295
1,70,0,13.572878228310996
1,70,1,0.3594999727041013
1,71,0,13.533170345128623
1,71,1,0.6795809892324232
1,72,0,13.562255666832026
1,72,1,0.3896125261954288
1,73,0,13.533132725806912
1,73,1,0.6436326364346655
1,74,0,13.557680173904291
1,74,1,0.49318454759384406
1,75,0,13.473502188696257
1,75,1,1.253209075575645
1,76,0,13.552120096978497
1,76,1,0.471584096500701
1,77,0,13.572286031923873
1,77,1,0.3246355323690613
1,78,0,13.485621691975114
1,78,1,1.2551703065849125
1,79,0,13.508095310054191
1,79,1,0.8534677925663453
1,80,0,13.578025841741391
1,80,1,0.2586775024692809
1,81,0,13.541396071673937
1,81,1,0.6216856666096251
1,82,0,13.542169688162053
1,82,1,0.5984317147066874
1,83,0,13.546569263495151
1,83,1,0.6645553839183087
1,84,0,13.484246372967515
1,84,1,0.9529894165407955
1,85,0,13.54752082848623
1,85,1,0.5220948936740175
1,86,0,13.55012407380752
1,86,1,0.49064649739244925
1,87,0,13.544719638582233
1,87,1,0.573549860511592
1,88,0,13.512136958364879
1,88,1,0.8408345384991229
1,89,0,13.554287523128142
1,89,1,0.4663220355389578
1,90,0,13.491210966682717
1,90,1,0.9934863242102265
1,91,0,13.566382444623805
1,91,1,0.41908764793987613
1,92,0,13.528674332160577
1,92,1,0.7894389869140824
1,93,0,13.5189999388466
1,93,1,0.8890475984252825
1,94,0,13.525424977151872
1,94,1,0.6920248934204394
1,95,0,13.542252643035736
1,95,1,0.5107827963381446
1,96,0,13.53618187890233
1,96,1,0.7039473567346821
1,97,0,13.483114038026756
1,97,1,1.1114576292580096
1,98,0,13.512491182216014
1,98,1,0.8926365140701079
1,99,0,13.508122342488834
1,99,1,0.9441228225854017
1,100,0,13.48705000275877
1,100,1,1.187865296602362
1,101,0,13.54666321230032
1,101,1,0.5059388498678531
1,102,0,13.510277030485291
1,102,1,0.9389112232420687
1,103,0,13.539172549879156
1,103,1,0.5913212049302624
1,104,0,13.455450087285397
1,104,1,1.2809175691118742
1,105,0,13.480583723921505
1,105,1,1.211725383129598
1,106,0,13.55948371418388
1,106,1,0.5008643871225795
1,107,0,13.558862073564066
1,107,1,0.4868622993249568
1,108,0,13.50298800747679
1,108,1,0.906975873422737
1,109,0,13.552125273582185
1,109,1,0.6305227959592384
1,110,0,13.51749623647916
1,110,1,0.7749110733411425
1,111,0,13.525419573006266
1,111,1,0.7863899044074736
1,112,0,13.598841835305802
1,112,1,0.09287727943788504
1,113,0,13.581739972419728
1,113,1,0.26979307400441344
1,114,0,13.53004614986446
1,114,1,0.6740186800285612
1,115,0,13.487495322230656
1,115,1,1.2606175239403405
1,116,0,13.525199432292746
1,116,1,0.6726283976998267
1,117,0,13.5802091963585
1,117,1,0.2652405707180047
1,118,0,13.515857929542799
1,118,1,0.8643657873906578
1,119,0,13.48319930938537
1,119,1,1.0298468539834993
1,120,0,13.459006797850286
1,120,1,1.188990228505352
1,121,0,13.561747336494408
1,121,1,0.49814776696232443
1,122,0,13.538655588710368
1,122,1,0.7137529191974894
1,123,0,13.539095327179202
1,123,1,0.6512852289422146
1,124,0,13.518536608999849
1,124,1,0.7231272941564825
1,125,0,13.528283190698767
1,125,1,0.7022783749403367
1,126,0,13.516739733921137
1,126,1,0.7731305069140594
1,127,0,13.502812253990884
1,127,1,0.9381868391866984
1,128,0,13.531828079348964
1,128,1,0.6878570381542817
1,129,0,13.505265193375955
1,129,1,0.849130591005784
1,130,0,13.574941650524528
1,130,1,0.2929545793629659
1,131,0,13.52449080554429
1,131,1,0.6721484484273598
1,132,0,13.547172312726879
1,132,1,0.5531639295532057
1,133,0,13.472526425456818
1,133,1,1.1871472205712064
1,134,0,13.544198707433205
1,134,1,0.5774868072713988
1,135,0,13.586858168117006
1,135,1,0.1852616407969738
1,136,0,13.466970204185264
1,136,1,1.308119240819421
1,137,0,13.558797192282139
1,137,1,0.4911188977720541
1,138,0,13.507699932231452
1,138,1,0.8827409625208006
1,139,0,13.516552983388959
1,139,1,0.9004027000440199
1,140,0,13.55408141791797
1,140,1,0.48762954771517686
1,141,0,13.514490889675459
1,141,1,0.8310225892545477
1,142,0,13.543079110048795
1,142,1,0.5777724196799393
1,143,0,13.522355807236977
1,143,1,0.7414372767276483
1,144,0,13.535105867511922
1,144,1,0.6806632197329943
1,145,0,13.527144702438543
1,145,1,0.9527799573401095
1,146,0,13.533128384679918
1,146,1,0.7283320144145825
1,147,0,13.532495263746137
1,147,1,0.7389169076901502
1,148,0,13.50698942463448
1,148,1,0.8751379511664862
1,149,0,13.591966546008383
1,149,1,0.1798870981726772
1,150,0,13.505758362754394
1,150,1,0.898036412571988
1,151,0,13.574584069191872
1,151,1,0.3361003476975674
1,152,0,13.54908611311795
1,152,1,0.5202528859890693
1,153,0,13.525419081860925
1,153,1,0.849722463686458
1,154,0,13.574575737296197
1,154,1,0.3431770208933968
1,155,0,13.500925450308328
1,155,1,0.9792049069025817
1,156,0,13.458970576606161
1,156,1,1.4063548894338067
1,157,0,13.515301499057095
1,157,1,0.8643290244762485
1,158,0,13.506020327874525
1,158,1,0.8291981942897422
1,159,0,13.498511389158612
1,159,1,1.2960699052815048
1,160,0,13.5057854606115
1,160,1,0.8603001176056004
1,161,0,13.51533454974779
1,161,1,0.7513883462678539
1,162,0,13.51380658487634
1,162,1,0.9122781694831635
1,163,0,13.531285389452055
1,163,1,0.6818504411559022
1,164,0,13.528519497107538
1,164,1,0.7097934790302275
1,165,0,13.506136252670554
1,165,1,0.7702985513619858
1,166,0,13.553083696325599
1,166,1,0.4247170064285754
1,167,0,13.5328678784502
1,167,1,0.6720699639185523
1,168,0,13.55977159203668
1,168,1,0.4737076118611412
1,169,0,13.532998924834617
1,169,1,0.7106538531423431
1,170,0,13.548891693536568
1,170,1,0.5646540914582152
1,171,0,13.524760844573683
1,171,1,0.7336641322675969
1,172,0,13.523396670287234
1,172,1,0.7962786623103949
1,173,0,13.465544986725684
1,173,1,1.264681237160696
1,174,0,13.548951205338179
1,174,1,0.5033685840543218
1,175,0,13.515512325756411
1,175,1,0.9929345077647969
1,176,0,13.507002967102274
1,176,1,0.9692377428586988
1,177,0,13.573727330831511
1,177,1,0.29037689183127263
1,178,0,13.534789207113697
1,178,1,0.729554851352602
1,179,0,13.52577023355847
1,179,1,0.8326873137776247
1,180,0,13.540869752686492
1,180,1,0.6067841934169717
1,181,0,13.506150722286943
1,181,1,0.8912832317824848
1,182,0,13.555368672994053
1,182,1,0.5284741558337798
1,183,0,13.624933550843261
1,183,1,-0.12142263570020391
1,184,0,13.572733145340749
1,184,1,0.3771736633914914
1,185,0,13.49870929353934
1,185,1,1.0684732927385923
1,186,0,13.566121057590115
1,186,1,0.387026583632257
1,187,0,13.51307687667357
1,187,1,0.857235807402788
1,188,0,13.541411352214375
1,188,1,0.5464473888742318
1,189,0,13.536621878935845
1,189,1,0.6667925435876518
1,190,0,13.50230948918546
1,190,1,0.9248944062869678
1,191,0,13.520656334017705
1,191,1,0.8790220271752386
1,192,0,13.50452510131586
1,192,1,0.8950050264387303
1,193,0,13.48820205649723
1,193,1,1.1680022317316516
1,194,0,13.511994521965292
1,194,1,0.9351559514134884
1,195,0,13.475806438375912
1,195,1,1.299383978316348
1,196,0,13.522196198592837
1,196,1,0.7248537198098427
1,197,0,13.55878302594611
1,197,1,0.3924872136411038
1,198,0,13.50477835127744
1,198,1,0.7696959372993369
1,199,0,13.56114276654356
1,199,1,0.502538286759299
1,200,0,13.571474190346867
1,200,1,0.3224841981573623
1,201,0,13.513924901156871
1,201,1,0.8612043609777508
1,202,0,13.539537955624866
1,202,1,0.707951778908925
1,203,0,13.508642611363838
1,203,1,0.8807699651856926
1,204,0,13.580285349665107
1,204,1,0.25732721234750144
1,205,0,13.519295814657081
1,205,1,0.9147282359618246
1,206,0,13.522439364028452
1,206,1,0.775213251422607
1,207,0,13.496251975836138
1,207,1,0.9229596901933353
1,208,0,13.519717530866046
1,208,1,0.727460978457974
1,209,0,13.482056652209728
1,209,1,1.1079464589024208
1,210,0,13.530805297768865
1,210,1,0.6109401274845678
1,211,0,13.525847376611747
1,211,1,0.7502425357972412
1,212,0,13.56482947595212
1,212,1,0.35818462222106345
1,213,0,13.515087443923933
1,213,1,0.9783332694002842
1,214,0,13.522656822790728
1,214,1,0.796506606120401
1,215,0,13.501734387677285
1,215,1,1.0234406747341864
1,216,0,13.571674642215873
1,216,1,0.3709270684400032
1,217,0,13.51729050746407
1,217,1,0.8032504638973356
1,218,0,13.518321050778345
1,218,1,0.8984577949385368
1,219,0,13.491199707307025
1,219,1,1.1092668709368119
1,220,0,13.552353102332125
1,220,1,0.5011755308162856
1,221,0,13.547070110232362
1,221,1,0.494041644460802
1,222,0,13.551543493714181
1,222,1,0.5255219569635854
1,223,0,13.564400122921061
1,223,1,0.4166421939971475
1,224,0,13.540325917649893
1,224,1,0.633116741373564
1,225,0,13.524683446935311
1,225,1,0.7574341099204034
1,226,0,13.509644450809986
1,226,1,0.9122201052106669
1,227,0,13.538881070021176
1,227,1,0.6762177912774966
1,228,0,13.479498536351825
1,228,1,1.1946939819687217
1,229,0,13.551170123928177
1,229,1,0.5375984724816437
1,230,0,13.565184402181417
1,230,1,0.422982011583272
1,231,0,13.486175615173797
1,231,1,0.9744660296355648
1,232,0,13.55633985010591
1,232,1,0.4663962792240538
1,233,0,13.550392460317633
1,233,1,0.553883384423052
1,234,0,13.509891302694113
1,234,1,0.9213974570067326
1,235,0,13.577043578437738
1,235,1,0.2950667764467105
1,236,0,13.574136229597075
1,236,1,0.3385054489757804
1,237,0,13.51094196120253
1,237,1,0.9138546069138389
1,238,0,13.553023011420992
1,238,1,0.47975416820624334
1,239,0,13.539193746798315
1,239,1,0.6058170689460993
1,240,0,13.533281169764818
1,240,1,0.7277408444892538
1,241,0,13.479174313020854
1,241,1,1.1741592754774444
1,242,0,13.49075667584417
1,242,1,0.9761500913122937
1,243,0,13.560619157261954
1,243,1,0.4552998148808129
1,244,0,13.488049350264879
1,244,1,1.109252164115809
1,245,0,13.458692802263911
1,245,1,1.386236616391904
1,246,0,13.564832604744206
1,246,1,0.40944277114964134
1,247,0,13.564431825478637
1,247,1,0.4184881370197614
1,248,0,13.52676055576156
1,248,1,0.7776257810406287
1,249,0,13.449735589170528
1,249,1,1.6332863310015564
1,250,0,13.552456360689243
1,250,1,0.5479001698037463
1,251,0,13.534455607543391
1,251,1,0.5865715395462523
1,252,0,13.514479202545418
1,252,1,0.8292519837671892
1,253,0,13.50008860726894
1,253,1,1.2418512507119788
1,254,0,13.58571634643761
1,254,1,0.2213336699040228
1,255,0,13.468221225938777
1,255,1,1.2904680263336632
1,256,0,13.547907087762717
1,256,1,0.5257753233430351
1,257,0,13.561778810985798
1,257,1,0.5017518990600793
1,258,0,13.50750069828712
1,258,1,0.9799274277358223
1,259,0,13.461938663815795
1,259,1,1.254688339177824
1,260,0,13.529551812901742
1,260,1,0.694662877187915
1,261,0,13.527002377236654
1,261,1,0.6543991381546137
1,262,0,13.58721214857399
1,262,1,0.214525434352801
1,263,0,13.553676599239726
1,263,1,0.5985915570256906
1,264,0,13.526424087993881
1,264,1,0.6752628709946583
1,265,0,13.517338619309804
1,265,1,0.7619821883880686
1,266,0,13.47523732936684
1,266,1,1.3346281220171365
1,267,0,13.543633393066361
1,267,1,0.5676137906627626
1,268,0,13.540697995909985
1,268,1,0.693215339090407
1,269,0,13.54958753453748
1,269,1,0.5636363102154187
1,270,0,13.456270830378307
1,270,1,1.482002374371332
1,271,0,13.518169418011684
1,271,1,0.8486398692327746
1,272,0,13.519648163937488
1,272,1,0.7713489221791786
1,273,0,13.560987421028663
1,273,1,0.40114317497080976
1,274,0,13.539917644503989
1,274,1,0.7092322802451879
1,275,0,13.53693425278222
1,275,1,0.6460148707317125
1,276,0,13.506395570291332
1,276,1,0.7764243955384635
1,277,0,13.560588113698321
1,277,1,0.44672536315976646
1,278,0,13.552701633300165
1,278,1,0.524481597211811
1,279,0,13.483684351011403
1,279,1,1.1502245820624848
1,280,0,13.512187636545127
1,280,1,0.9238619996861082
1,281,0,13.561549581116543
1,281,1,0.4491139005901815
1,282,0,13.515205500871746
1,282,1,0.828336942706777
1,283,0,13.54152196492867
1,283,1,0.5664578152675017
1,284,0,13.562386716427103
1,284,1,0.3782692177087955
1,285,0,13.535112330328523
1,285,1,0.7872846517552731
1,286,0,13.504732006301467
1,286,1,0.8600355062630016
1,287,0,13.577258600245898
1,287,1,0.2996879022603358
1,288,0,13.559843023217747
1,288,1,0.4308205260827407
1,289,0,13.487482119786902
1,289,1,1.108748806375961
1,290,0,13.524448243221741
1,290,1,0.678300516021677
1,291,0,13.554457225602034
1,291,1,0.5194076359767171
1,292,0,13.547353310584159
1,292,1,0.581478545425029
1,293,0,13.539547729259445
1,293,1,0.636426050977424
1,294,0,13.509479538205028
1,294,1,0.9552557854614296
1,295,0,13.585929366491053
1,295,1,0.21454544715297305
1,296,0,13.51759067584623
1,296,1,0.9947304956797207
1,297,0,13.457776240927842
1,297,1,1.2392082731375387
1,298,0,13.534787400655471
1,298,1,0.8451290451761704
1,299,0,13.594972503986586
1,299,1,0.11818758589387489
1,300,0,13.476815012151803
1,300,1,1.3570321808652361
1,301,0,13.524186881626802
1,301,1,0.7871083550314101
1,302,0,13.537201426583202
1,302,1,0.6745569381757297
1,303,0,13.511255618466166
1,303,1,0.9377543433907002
1,304,0,13.537433794779142
1,304,1,0.7046099524036147
1,305,0,13.517443362882068
1,305,1,0.9193607975610165
1,306,0,13.523048970231585
1,306,1,0.8005933629184355
1,307,0,13.512523946555723
1,307,1,0.7889076431594805
1,308,0,13.527283187026645
1,308,1,0.6816576881329154
1,309,0,13.528359644104427
1,309,1,0.8698640278099671
1,310,0,13.52266511193645
1,310,1,0.8163406534464717
1,311,0,13.478204543502937
1,311,1,1.2647025022191807
1,312,0,13.546622724157343
1,312,1,0.6236461401171463
1,313,0,13.525964880711303
1,313,1,0.8176714797678114
1,314,0,13.529767142805845
1,314,1,0.71403744428954
1,315,0,13.5322106839643
1,315,1,0.6490815422539613
1,316,0,13.479357057517626
1,316,1,1.1726408453210113
1,317,0,13.528945888811178
1,317,1,0.6971404769496407
1,318,0,13.521831271119689
1,318,1,0.776793921184503
1,319,0,13.50306896888874
1,319,1,1.0855513457203982
1,320,0,13.472132861661516
1,320,1,1.3013241676455896
1,321,0,13.47753431625341
1,321,1,1.191784821078055
1,322,0,13.582962428137666
1,322,1,0.2450674170373844
1,323,0,13.475243046360559
1,323,1,1.258606231959173
1,324,0,13.585200387406115
1,324,1,0.20349785335240017
1,325,0,13.578573818075244
1,325,1,0.30008651075640325
1,326,0,13.531263106258637
1,326,1,0.8168689688820819
1,327,0,13.523846584315383
1,327,1,0.7280278499397153
1,328,0,13.494763327263541
1,328,1,1.1400535453077678
1,329,0,13.522080349887178
1,329,1,0.9333116534241529
1,330,0,13.583568317911633
1,330,1,0.22547139239142275
1,331,0,13.578798573249111
1,331,1,0.3146782364908911
1,332,0,13.530466219610275
1,332,1,0.6705037912837192
1,333,0,13.534912819128445
1,333,1,0.6928138421185221
1,334,0,13.54181919519018
1,334,1,0.6237562249739714
1,335,0,13.543704640470581
1,335,1,0.5544707972001126
1,336,0,13.497797586423776
1,336,1,1.1679335131670041
1,337,0,13.482567973567043
1,337,1,1.1911696106025802
1,338,0,13.5361039229805
1,338,1,0.6523769901200995
1,339,0,13.569952552721533
1,339,1,0.3731081185428598
1,340,0,13.524420386936942
1,340,1,0.8511529799172294
1,341,0,13.556291684977293
1,341,1,0.46252273730855675
1,342,0,13.585633901957273
1,342,1,0.2199782690475765
1,343,0,13.516663388754125
1,343,1,0.8535437563450231
1,344,0,13.551040762009658
1,344,1,0.4586114550513074
1,345,0,13.558208161334427
1,345,1,0.48123193190774605
1,346,0,13.482460299441756
1,346,1,1.256609723878321
1,347,0,13.555272755032382
1,347,1,0.47755606876782536
1,348,0,13.49966201341523
1,348,1,0.9387745483729852
1,349,0,13.48051949576289
1,349,1,1.1901022604289229
1,350,0,13.504488617720549
1,350,1,0.9732566677100173
1,351,0,13.539657936397118
1,351,1,0.6033081678928264
1,352,0,13.536446283504079
1,352,1,0.6805084961218426
1,353,0,13.528978143094513
1,353,1,0.6863119568277309
1,354,0,13.518215673343157
1,354,1,0.8710941342780204
1,355,0,13.57542950320187
1,355,1,0.29232459437183655
1,356,0,13.530522477051955
1,356,1,0.6884666604556929
1,357,0,13.502979446677054
1,357,1,0.8675154304922942
1,358,0,13.490269540172742
1,358,1,1.1813608896842174
1,359,0,13.517516680518565
1,359,1,0.9489449820089984
1,360,0,13.5105198264092
1,360,1,0.8383075679091584
1,361,0,13.546935220545171
1,361,1,0.5644211220556613
1,362,0,13.501678878249882
1,362,1,0.9277914971981325
1,363,0,13.580631382536186
1,363,1,0.26124761234150146
1,364,0,13.579323305606831
1,364,1,0.29845454400309995
1,365,0,13.485379368359643
1,365,1,1.0182281934860455
1,366,0,13.498032785932018
1,366,1,1.117502140561256
1,367,0,13.459569064462944
1,367,1,1.4175924422251558
1,368,0,13.611396693709766
1,368,1,-0.02273902016108921
1,369,0,13.477247157318978
1,369,1,1.1908251096002114
1,370,0,13.560632054573075
1,370,1,0.3858905990990359
1,371,0,13.507461760645977
1,371,1,0.9245513344793844
1,372,0,13.541345840603443
1,372,1,0.6334648800130225
1,373,0,13.570644374895451
1,373,1,0.3333993618212475
1,374,0,13.577350996649082
1,374,1,0.2755479417772076
1,375,0,13.546595801603031
1,375,1,0.5719893814017604
1,376,0,13.562039116874317
1,376,1,0.47330699192149117
1,377,0,13.5031178949761
1,377,1,1.0024151631674816
1,378,0,13.571086176431002
1,378,1,0.4152265269529841
1,379,0,13.45237290963374
1,379,1,1.2654993650775994
1,380,0,13.577752679411
1,380,1,0.28418172167373335
1,381,0,13.579300183756956
1,381,1,0.29191245339996125
1,382,0,13.589018821476573
1,382,1,0.16735674287905383
1,383,0,13.496497673120722
1,383,1,0.9293060745149632
1,384,0,13.512153951858819
1,384,1,0.8350440061944092
1,385,0,13.483602784089861
1,385,1,1.1202188123050156
1,386,0,13.601439807099851
1,386,1,0.0707033201333533
1,387,0,13.481159476929287
1,387,1,1.0976597287064191
1,388,0,13.507398629770838
1,388,1,1.023055586089073
1,389,0,13.513575972273946
1,389,1,1.002547576642947
1,390,0,13.561131355833066
1,390,1,0.43924023529234724
1,391,0,13.53272070802887
1,391,1,0.7634971423196328
1,392,0,13.540149510179296
1,392,1,0.5737212242980566
1,393,0,13.505024962251234
1,393,1,0.9242146285208104
1,394,0,13.509286820927622
1,394,1,0.9196156144031403
1,395,0,13.558808039921368
1,395,1,0.5335509671479958
1,396,0,13.510265039413193
1,396,1,0.9527188657731338
1,397,0,13.569419010086971
1,397,1,0.35995400496294794
1,398,0,13.488684789018404
1,398,1,1.0220983183158587
1,399,0,13.548953621328307
1,399,1,0.635880501741573
1,400,0,13.48930227664842
1,400,1,1.2413985637352305
1,401,0,13.54817784952227
1,401,1,0.5479602991165802
1,402,0,13.551186762413389
1,402,1,0.5734851359006937
1,403,0,13.550271990983465
1,403,1,0.4984091385539648
1,404,0,13.554474567199923
1,404,1,0.4698777901566904
1,405,0,13.48074187432897
1,405,1,1.3028739282538115
1,406,0,13.5265040401256
1,406,1,0.6857499621617251
1,407,0,13.483125676453268
1,407,1,1.064520092606034
1,408,0,13.546329752492861
1,408,1,0.5521000201548176
1,409,0,13.558317436966068
1,409,1,0.401192267330608
1,410,0,13.514923355853163
1,410,1,0.9421546537812824
1,411,0,13.547307109814044
1,411,1,0.5668064600862652
1,412,0,13.539923339302003
1,412,1,0.593241760677841
1,413,0,13.525995201094945
1,413,1,0.9090888971757956
1,414,0,13.541356419714088
1,414,1,0.6174047945377179
1,415,0,13.498750121975572
1,415,1,0.9532582456919592
1,416,0,13.585094525339304
1,416,1,0.19739566835446076
1,417,0,13.474343643130577
1,417,1,1.0124355823814115
1,418,0,13.510590028328807
1,418,1,0.8949398562687214
1,419,0,13.469482435444693
1,419,1,1.20776046762143
1,420,0,13.479798958153308
1,420,1,1.230931331407208
1,421,0,13.507885896427943
1,421,1,0.8839754908320069
1,422,0,13.52087056892378
1,422,1,0.7783744325765154
1,423,0,13.489863189222055
1,423,1,1.0657681072390561
1,424,0,13.518141508291363
1,424,1,0.6723140102942018
1,425,0,13.591448772575813
1,425,1,0.17562885883505433
1,426,0,13.526367764643497
1,426,1,0.7249697032110851
1,427,0,13.528897099280659
1,427,1,0.7610960724051475
1,428,0,13.48584797193667
1,428,1,1.1261564447341061
1,429,0,13.545901835179604
1,429,1,0.5552380812498307
1,430,0,13.533738445507927
1,430,1,0.7876846312400181
1,431,0,13.489805683982103
1,431,1,1.0495677621896269
1,432,0,13.532923315910166
1,432,1,0.6758406815190051
1,433,0,13.521720814045342
1,433,1,0.807394050947557
1,434,0,13.522991689045469
1,434,1,0.8461129541575382
1,435,0,13.55484247486668
1,435,1,0.5677093872325545
1,436,0,13.53717090428067
1,436,1,0.6186003581973756
1,437,0,13.521856327042046
1,437,1,0.6773342617801504
1,438,0,13.511267538644246
1,438,1,0.8777789166005592
1,439,0,13.527066846944019
1,439,1,0.8066638345655839
1,440,0,13.53603530128425
1,440,1,0.6329166101901296
1,441,0,13.52605531455291
1,441,1,0.7930563676637877
1,442,0,13.48169027916843
1,442,1,1.0907023624340184
1,443,0,13.521918727446064
1,443,1,0.7347232663300024
1,444,0,13.454630799156668
1,444,1,1.343494165920099
1,445,0,13.47943707861397
1,445,1,1.0005999996086352
1,446,0,13.514989118022587
1,446,1,0.7764346702328297
1,447,0,13.537118949626693
1,447,1,0.6309704509508559
1,448,0,13.535087588374944
1,448,1,0.8025616130984834
1,449,0,13.548911043291096
1,449,1,0.524694840446764
1,450,0,13.544234506230264
1,450,1,0.6131089012083824
1,451,0,13.528826852273381
1,451,1,0.637962657299032
1,452,0,13.512082250365653
1,452,1,0.9581143059975443
1,453,0,13.587994830502437
1,453,1,0.1976139529691247
1,454,0,13.50184686539964
1,454,1,1.3345383378649875
1,455,0,13.50777469887001
1,455,1,0.9132650132912824
1,456,0,13.568481843370844
1,456,1,0.3453281874401919
1,457,0,13.579904377296195
1,457,1,0.26557778019150846
1,458,0,13.507922228242501
1,458,1,0.8309695393491578
1,459,0,13.580195478498593
1,459,1,0.336823328716375
1,460,0,13.498051568289661
1,460,1,0.9410835364649125
1,461,0,13.598971288908453
1,461,1,0.10109820911321882
1,462,0,13.526366049658513
1,462,1,0.7605187862372124
1,463,0,13.49320329502636
1,463,1,0.9425715683755156
1,464,0,13.519004930433555
1,464,1,0.7504957900832115
1,465,0,13.539101463502373
1,465,1,0.7087325731990911
1,466,0,13.529835522859381
1,466,1,0.6917103328600326
1,467,0,13.565710830310648
1,467,1,0.3805306266044441
1,468,0,13.442621497171956
1,468,1,1.5593404942574147
1,469,0,13.536324693647988
1,469,1,0.6465338667463234
1,470,0,13.565478574975756
1,470,1,0.41420069040824964
1,471,0,13.55444378970975
1,471,1,0.48148317919971034
1,472,0,13.51099318039441
1,472,1,0.9066836737413667
1,473,0,13.53362977487264
1,473,1,0.6680915806171331
1,474,0,13.462217500910612
1,474,1,1.155809017889695
1,475,0,13.499163446899118
1,475,1,1.007974268594641
1,476,0,13.48037921345768
1,476,1,1.2107484437422054
1,477,0,13.577115421881604
1,477,1,0.3069379956196678
1,478,0,13.496702982423994
1,478,1,1.1841816896487187
1,479,0,13.50155921674394
1,479,1,0.986815333069085
1,480,0,13.470430300889225
1,480,1,1.397331096127499
1,481,0,13.557368695119983
1,481,1,0.40712362941571
1,482,0,13.568725829164778
1,482,1,0.4341966306630586
1,483,0,13.531832960041386
1,483,1,0.6762715403665012
1,484,0,13.499649040661447
1,484,1,1.0484463456757656
1,485,0,13.569497570071695
1,485,1,0.37412115243582006
1,486,0,13.517141871838469
1,486,1,0.8101931448992039
1,487,0,13.532575912569394
1,487,1,0.6691118959256223
1,488,0,13.518354140781428
1,488,1,0.8697483356050326
1,489,0,13.525962486811984
1,489,1,0.7297255426164001
1,490,0,13.49844062097029
1,490,1,0.9166497772270448
1,491,0,13.556015040198439
1,491,1,0.4889392977344993
1,492,0,13.467486775936402
1,492,1,1.2755830662554954
1,493,0,13.547747111660467
1,493,1,0.5530368114245493
1,494,0,13.540706079982375
1,494,1,0.6354794477605031
1,495,0,13.558929780180708
1,495,1,0.4853406824014397
1,496,0,13.503253057047235
1,496,1,0.9706338808999514
1,497,0,13.534160074976619
1,497,1,0.6943488802600116
1,498,0,13.55325466914557
1,498,1,0.508209070510798
1,499,0,13.628738563743978
1,499,1,-0.17710455598761818
1,500,0,13.529646049253028
1,500,1,0.7421065385335247
1,501,0,13.500984973531299
1,501,1,0.9703477008384771
1,502,0,13.54216589618042
1,502,1,0.5590903613737107
1,503,0,13.488818051677937
1,503,1,0.942447618450567
1,504,0,13.597794641429692
1,504,1,0.10352023028175118
1,505,0,13.568026036392476
1,505,1,0.3358920546652766
1,506,0,13.46931590735591
1,506,1,1.3852104455736973
1,507,0,13.507946118031967
1,507,1,0.9589265239438711
1,508,0,13.50789811288163
1,508,1,1.1331811708984907
1,509,0,13.542810687781241
1,509,1,0.6550810853912751
1,510,0,13.513125167934431
1,510,1,0.7841177817185025
1,511,0,13.55624610474588
1,511,1,0.539568691515481
1,512,0,13.522827184203436
1,512,1,0.7296171121160845
1,513,0,13.537260569200383
1,513,1,0.6704329884398311
1,514,0,13.549132038338815
1,514,1,0.5114520179451381
1,515,0,13.530536370773644
1,515,1,0.7430770393535162
1,516,0,13.593851691457878
1,516,1,0.1588500083785842
1,517,0,13.453311869369454
1,517,1,1.433438764915656
1,518,0,13.579960802637673
1,518,1,0.27025793346512794
1,519,0,13.494576911441774
1,519,1,1.0932012095898338
1,520,0,13.491799169455755
1,520,1,1.0386163604554426
1,521,0,13.51578125067806
1,521,1,0.8450784094501521
1,522,0,13.516768455289235
1,522,1,0.8109766377598437
1,523,0,13.557730321902284
1,523,1,0.4927520594880685
1,524,0,13.56774233154802
1,524,1,0.3581724099197643
1,525,0,13.537731972924353
1,525,1,0.6684204201668711
1,526,0,13.555044291511642
1,526,1,0.5096263998144646
1,527,0,13.571790212908136
1,527,1,0.35777334535534355
1,528,0,13.596552922046556
1,528,1,0.11138239100797663
1,529,0,13.53060119319252
1,529,1,0.6409831768452878
1,530,0,13.585804112902919
1,530,1,0.2444353112341408
1,531,0,13.540515456131917
1,531,1,0.7287484564331902
1,532,0,13.568096638617428
1,532,1,0.3596848007091933
1,533,0,13.530535079081838
1,533,1,0.723245642086086
1,534,0,13.530469207351802
1,534,1,0.6813884435697813
1,535,0,13.531043158279951
1,535,1,0.6900865979425839
1,536,0,13.491360296820222
1,536,1,1.0551205887046717
1,537,0,13.487664184431772
1,537,1,1.2508278403858324
1,538,0,13.446585303388614
1,538,1,1.4099847508448236
1,539,0,13.539505839202674
1,539,1,0.6985680791196146
1,540,0,13.53628703070945
1,540,1,0.6540107401308409
1,541,0,13.523906247218633
1,541,1,0.895764714754165
1,542,0,13.51719974278703
1,542,1,0.8153733691097328
1,543,0,13.52204040493824
1,543,1,0.7811374842485889
1,544,0,13.540259503367574
1,544,1,0.6297265730420387
1,545,0,13.55604905263508
1,545,1,0.484903902067074
1,546,0,13.558626025544594
1,546,1,0.45286318281293225
1,547,0,13.529013193919429
1,547,1,0.8564813881925978
1,548,0,13.54428841439682
1,548,1,0.5570772744181455
1,549,0,13.50161464418849
1,549,1,0.9098460108145433
1,550,0,13.526238405475357
1,550,1,0.7397901971204717
1,551,0,13.532870086869012
1,551,1,0.6879532460465144
1,552,0,13.522225394082815
1,552,1,0.8250434504767246
1,553,0,13.550214673269998
1,553,1,0.5375806417707625
1,554,0,13.470000888459841
1,554,1,1.2196242201442544
1,555,0,13.532305232246864
1,555,1,0.6944769307011411
1,556,0,13.531313862803762
1,556,1,0.6911355416248136
1,557,0,13.47891112385467
1,557,1,1.4125810806752432
1,558,0,13.496964601499048
1,558,1,1.1548783253385115
1,559,0,13.466845667769986
1,559,1,1.1928838998919238
1,560,0,13.552571656609906
1,560,1,0.5688512049073967
1,561,0,13.50566354981518
1,561,1,0.8978484922142829
1,562,0,13.537080987683185
1,562,1,0.5423349463123974
1,563,0,13.517957917569523
1,563,1,0.7279824490316658
1,564,0,13.50326945844458
1,564,1,1.0373680518666795
1,565,0,13.500332334416818
1,565,1,0.9714975452741106
1,566,0,13.561163708901525
1,566,1,0.47445460523712985
1,567,0,13.484196106752425
1,567,1,1.1192174274501066
1,568,0,13.525829721645856
1,568,1,0.8174082194031456
1,569,0,13.47357215218902
1,569,1,1.3008977649381486
1,570,0,13.497695800609913
1,570,1,1.0506148431115587
1,571,0,13.535578085394071
1,571,1,0.5950230342218064
1,572,0,13.523045152103387
1,572,1,0.8252144944201152
1,573,0,13.470762819231739
1,573,1,1.1417829871950054
1,574,0,13.522385547924356
1,574,1,0.6769751426200796
1,575,0,13.485854296381511
1,575,1,1.159699589422473
1,576,0,13.514030872422099
1,576,1,0.8191886702774296
1,577,0,13.507283856160553
1,577,1,1.097064689935637
1,578,0,13.539850985810737
1,578,1,0.6586429379125521
1,579,0,13.533518397715223
1,579,1,0.7345780037115269
1,580,0,13.507355737715617
1,580,1,0.9112253356390404
1,581,0,13.5217216707375
1,581,1,0.8384298109706114
1,582,0,13.563409983353399
1,582,1,0.41205198747354416
1,583,0,13.562720964940787
1,583,1,0.5150720051608603
1,584,0,13.513777014689492
1,584,1,0.9803717875013411
1,585,0,13.50546570391525
1,585,1,0.9983494674320046
1,586,0,13.536474678230467
1,586,1,0.6216319234044859
1,587,0,13.571217244123147
1,587,1,0.34975993948830264
1,588,0,13.543509868437928
1,588,1,0.6659195763829305
1,589,0,13.540199322097171
1,589,1,0.6345633114964543
1,590,0,13.57439888567044
1,590,1,0.3125801612128108
1,591,0,13.468170833080066
1,591,1,1.3087779481496864
1,592,0,13.567492268194357
1,592,1,0.4438236958055434
1,593,0,13.468512067647751
1,593,1,1.2834019941678232
1,594,0,13.471837850135644
1,594,1,1.1150437146451626
1,595,0,13.550109059861471
1,595,1,0.6454009445606298
1,596,0,13.56198186507699
1,596,1,0.4093084368300011
1,597,0,13.536950731212194
1,597,1,0.5821725348831822
1,598,0,13.543732099606203
1,598,1,0.5490418915254864
1,599,0,13.469370428199781
1,599,1,1.132990138668262
1,600,0,13.492509247334768
1,600,1,1.0215279392730816
1,601,0,13.58008507275774
1,601,1,0.24060801705077323
1,602,0,13.591280567418202
1,602,1,0.14826801691401112
1,603,0,13.527160919440748
1,603,1,0.6977548449996579
1,604,0,13.525210303829416
1,604,1,0.7901665986856767
1,605,0,13.568786702298928
1,605,1,0.3713721957314318
1,606,0,13.53355817446845
1,606,1,0.6368035350659381
1,607,0,13.509243379095285
1,607,1,0.8863825878285453
1,608,0,13.57638498392865
1,608,1,0.3072132116782014
1,609,0,13.503358349520875
1,609,1,0.9050945698400688
1,610,0,13.494811183130425
1,610,1,1.1694523748653896
1,611,0,13.577404523575904
1,611,1,0.2600842801846995
1,612,0,13.512345901944695
1,612,1,0.8987259724354733
1,613,0,13.514087577936506
1,613,1,0.8756904752266399
1,614,0,13.488384440702346
1,614,1,1.035398411728187
1,615,0,13.541223483239746
1,615,1,0.6320803337568437
1,616,0,13.530690229197086
1,616,1,0.6244705393408673
1,617,0,13.551487361361316
1,617,1,0.5085042866787155
1,618,0,13.554330928395979
1,618,1,0.5075001712012722
1,619,0,13.512555387072183
1,619,1,0.7771817780328906
1,620,0,13.548995493458907
1,620,1,0.5779779743577738
1,621,0,13.511613764045894
1,621,1,0.9708208311561708
1,622,0,13.514175498526802
1,622,1,0.8411021056589553
1,623,0,13.542390625056123
1,623,1,0.544583837122819
1,624,0,13.473761292642148
1,624,1,1.1199176138699931
1,625,0,13.539079635948017
1,625,1,0.6062544339275814
1,626,0,13.542009174547779
1,626,1,0.7092766450616481
1,627,0,13.5586199876161
1,627,1,0.4444752751242967
1,628,0,13.535884016046793
1,628,1,0.7367993271581427
1,629,0,13.525486003611833
1,629,1,0.7174015936074541
1,630,0,13.525078574361196
1,630,1,0.7556758967810525
1,631,0,13.525322331307528
1,631,1,0.8337753631067317
1,632,0,13.590881609440036
1,632,1,0.16286873174297106
1,633,0,13.576688944794723
1,633,1,0.3615507480949498
1,634,0,13.494658893187417
1,634,1,1.0040546104260408
1,635,0,13.480305923896118
1,635,1,1.3920402921724861
1,636,0,13.519367118527503
1,636,1,0.7240165589654725
1,637,0,13.527374557405611
1,637,1,0.6800698346916848
1,638,0,13.554940394743992
1,638,1,0.4741437513706639
1,639,0,13.464182957977446
1,639,1,1.4557514717042528
1,640,0,13.513819604143272
1,640,1,0.7956406798064358
1,641,0,13.503417814473607
1,641,1,0.9696319129288964
1,642,0,13.551584127764825
1,642,1,0.5337784022720421
1,643,0,13.54136967447892
1,643,1,0.6491553683187056
1,644,0,13.495860393598283
1,644,1,0.9308454219845858
1,645,0,13.505255490027396
1,645,1,0.9243768195830753
1,646,0,13.5125189263706
1,646,1,0.8221219606221168
1,647,0,13.57556589232786
1,647,1,0.34967806781803096
1,648,0,13.502678060977459
1,648,1,0.9014676524961188
1,649,0,13.556800947364561
1,649,1,0.4718256206384729
1,650,0,13.511413878901863
1,650,1,0.9033633321344252
1,651,0,13.496215445469126
1,651,1,1.126740078916307
1,652,0,13.551901549466972
1,652,1,0.5067161354070763
1,653,0,13.561388945829941
1,653,1,0.44954349501351276
1,654,0,13.543056075838612
1,654,1,0.5997724701566824
1,655,0,13.50055732691071
1,655,1,1.0133958815032078
1,656,0,13.53881932011446
1,656,1,0.6308765639328209
1,657,0,13.503645131143282
1,657,1,0.9837963086377783
1,658,0,13.4964325494511
1,658,1,0.8915009167194267
1,659,0,13.559164635035645
1,659,1,0.4130270122057966
1,660,0,13.566902151663886
1,660,1,0.3654249027775967
1,661,0,13.56198902827476
1,661,1,0.45645963066704537
1,662,0,13.536889041063908
1,662,1,0.6794426952293948
1,663,0,13.572264317944699
1,663,1,0.402876768500915
1,664,0,13.530461926922623
1,664,1,0.6996158240797195
1,665,0,13.582219067281658
1,665,1,0.2493895015389166
1,666,0,13.484189133478884
1,666,1,1.220961192016482
1,667,0,13.564138960855992
1,667,1,0.37282250448042764
1,668,0,13.549701245543448
1,668,1,0.5261366776198911
1,669,0,13.55274110776244
1,669,1,0.4723310637351157
1,670,0,13.542438722996584
1,670,1,0.5408577861152581
1,671,0,13.566036069516839
1,671,1,0.41737159384788675
1,672,0,13.560293643804927
1,672,1,0.44910414479436844
1,673,0,13.496280378566196
1,673,1,0.8337816143977305
1,674,0,13.551801996011115
1,674,1,0.5312511287889081
1,675,0,13.535422253461812
1,675,1,0.7256413601376305
1,676,0,13.560880407350966
1,676,1,0.3987140519723322
1,677,0,13.474376195036326
1,677,1,1.3851397814610429
1,678,0,13.523065178784577
1,678,1,0.971865861649367
1,679,0,13.550746563361455
1,679,1,0.4808082846188394
1,680,0,13.54109750744261
1,680,1,0.6742759164119458
1,681,0,13.538938083469684
1,681,1,0.7570345605034908
1,682,0,13.536162361398308
1,682,1,0.7450139904913772
1,683,0,13.502687921051992
1,683,1,0.9317849922901217
1,684,0,13.450420677343155
1,684,1,1.4042389882427457
1,685,0,13.466077412483557
1,685,1,1.0716551187559624
1,686,0,13.522852411759716
1,686,1,0.8415535442690882
1,687,0,13.507709460850895
1,687,1,1.0942421210675026
1,688,0,13.524696413591421
1,688,1,0.7117055568026827
1,689,0,13.53809792888348
1,689,1,0.6346235716129047
1,690,0,13.524936519368806
1,690,1,0.7498658695971893
1,691,0,13.480263052810939
1,691,1,0.9821799552275345
1,692,0,13.49479957124669
1,692,1,1.148752342042741
1,693,0,13.486508948099674
1,693,1,1.0532533218072104
1,694,0,13.530734687128446
1,694,1,0.6419975125362737
1,695,0,13.567450089618545
1,695,1,0.397724875497582
1,696,0,13.528085770914377
1,696,1,0.7507981251331132
1,697,0,13.611263396841277
1,697,1,-0.026305950929784685
1,698,0,13.49775794779589
1,698,1,1.067043463392345
1,699,0,13.477182783549772
1,699,1,1.1495803254519543
1,700,0,13.499661461388177
1,700,1,1.1272340969000432
1,701,0,13.51069178757852
1,701,1,0.8383365403978582
1,702,0,13.499706666458277
1,702,1,1.0007846947951544
1,703,0,13.502816449548341
1,703,1,0.9490982065658411
1,704,0,13.520446058823255
1,704,1,0.7815464302353461
1,705,0,13.538501837678895
1,705,1,0.7844294985833856
1,706,0,13.462961926583455
1,706,1,1.2691738568864634
1,707,0,13.571457479394585
1,707,1,0.3545572053161857
1,708,0,13.454581382435547
1,708,1,1.2072429106884004
1,709,0,13.516925819797107
1,709,1,1.1921674737740797
1,710,0,13.555727535109256
1,710,1,0.41346654634414215
1,711,0,13.553799587623011
1,711,1,0.46672406033525904
1,712,0,13.575886218973732
1,712,1,0.30492415100354187
1,713,0,13.470686149024797
1,713,1,1.241439418850763
1,714,0,13.523071988771054
1,714,1,0.7626495182975297
1,715,0,13.506351744209843
1,715,1,0.885396370516869
1,716,0,13.52455259224636
1,716,1,0.942189983264141
1,717,0,13.565457525169206
1,717,1,0.42226165023816126
1,718,0,13.549269347833492
1,718,1,0.5483755118519362
1,719,0,13.532934399362432
1,719,1,0.702161302774305
1,720,0,13.536139953913638
1,720,1,0.6832371392914285
1,721,0,13.502191763696613
1,721,1,0.8863064275610055
1,722,0,13.522388959132781
1,722,1,0.8000234398338579
1,723,0,13.523108200012215
1,723,1,0.6845002537349141
1,724,0,13.530256145939761
1,724,1,0.6522928826563665
1,725,0,13.53389212295842
1,725,1,0.6723669282320331
1,726,0,13.52757200092093
1,726,1,0.7769511079999084
1,727,0,13.598493044006437
1,727,1,0.09463035979334555
1,728,0,13.556057002738195
1,728,1,0.45585008800420407
1,729,0,13.547014342076618
1,729,1,0.7147720370778239
1,730,0,13.54772181044246
1,730,1,0.7046968491165224
1,731,0,13.573424322640076
1,731,1,0.38969113172076
1,732,0,13.499231715508868
1,732,1,0.7882581823961599
1,733,0,13.480140801418168
1,733,1,1.0102005178676106
1,734,0,13.606109147264103
1,734,1,0.028683628283040344
1,735,0,13.49416162826978
1,735,1,0.9399011456633668
1,736,0,13.51335846153714
1,736,1,0.9556402058624434
1,737,0,13.554344923117162
1,737,1,0.4840416984185938
1,738,0,13.561469340680357
1,738,1,0.5301521837760327
1,739,0,13.553072358842426
1,739,1,0.5484903218414741
1,740,0,13.534736337605862
1,740,1,0.7484833594698946
1,741,0,13.52241299582193
1,741,1,0.7623132501172016
1,742,0,13.514625563773878
1,742,1,0.8766173925060877
1,743,0,13.45726758074348
1,743,1,1.3961809552252473
1,744,0,13.556996753402906
1,744,1,0.5199596050586276
1,745,0,13.570218809576302
1,745,1,0.38300801188201217
1,746,0,13.489337815268874
1,746,1,0.9143971643605159
1,747,0,13.512576048709658
1,747,1,1.0639372898078345
1,748,0,13.53390452908492
1,748,1,0.6004263479359554
1,749,0,13.512938850252434
1,749,1,0.9201467937524769
1,750,0,13.479744363490758
1,750,1,1.1752187656503355
1,751,0,13.522996444591872
1,751,1,0.819547553215636
1,752,0,13.542534997439978
1,752,1,0.6997296367727853
1,753,0,13.551130200396003
1,753,1,0.648863625732605
1,754,0,13.507244242135632
1,754,1,0.9525830679554559
1,755,0,13.522479523322614
1,755,1,0.7871361750713172
1,756,0,13.522814209622492
1,756,1,0.7502291921913885
1,757,0,13.580534269755635
1,757,1,0.22531081324080648
1,758,0,13.533067309701714
1,758,1,0.7009672185804232
1,759,0,13.574583029575829
1,759,1,0.29235575981653056
1,760,0,13.486996220379925
1,760,1,1.1063341272205445
1,761,0,13.495072141250843
1,761,1,1.0147880159545746
1,762,0,13.512458879159334
1,762,1,0.853884319719092
1,763,0,13.452322277367431
1,763,1,1.3535283990056965
1,764,0,13.524557740710463
1,764,1,0.869371395504793
1,765,0,13.519707401507665
1,765,1,0.8608659251988231
1,766,0,13.51772421106584
1,766,1,0.8635389055955386
1,767,0,13.556121581465064
1,767,1,0.5840429614235745
1,768,0,13.555304474001762
1,768,1,0.45474990354437145
1,769,0,13.567726846811079
1,769,1,0.4329902577533757
1,770,0,13.547700870700211
1,770,1,0.7007863072927577
1,771,0,13.555653070436755
1,771,1,0.5166048481712908
1,772,0,13.52962053298485
1,772,1,0.7572583631949953
1,773,0,13.545656488186113
1,773,1,0.6210266548574305
1,774,0,13.541515142574323
1,774,1,0.5507272993018508
1,775,0,13.573478112777616
1,775,1,0.30044150400116304
1,776,0,13.525943825191792
1,776,1,0.769535841652595
1,777,0,13.507584140971147
1,777,1,0.755631074280596
1,778,0,13.52807833388121
1,778,1,0.8794018398080526
1,779,0,13.480278860740302
1,779,1,1.1391248207670208
1,780,0,13.532412359816377
1,780,1,0.6517643011755574
1,781,0,13.496034662341133
1,781,1,0.9434086592938281
1,782,0,13.540617873173442
1,782,1,0.6832065525312663
1,783,0,13.500998724176863
1,783,1,1.0399864909165892
1,784,0,13.537442192199457
1,784,1,0.6824274576373185
1,785,0,13.499325234222454
1,785,1,1.0405417750477228
1,786,0,13.483620098271444
1,786,1,0.9420759805351239
1,787,0,13.470462155224459
1,787,1,1.2041577553524914
1,788,0,13.461583536846565
1,788,1,1.1800495178648616
1,789,0,13.586115330530614
1,789,1,0.21762899915062725
1,790,0,13.507638606653462
1,790,1,0.8574353222375888
1,791,0,13.577896577329074
1,791,1,0.2829182157302738
1,792,0,13.525179432154292
1,792,1,0.8023835860025716
1,793,0,13.493633509143566
1,793,1,1.1645529999253728
1,794,0,13.500656245865502
1,794,1,1.0239510680970918
1,795,0,13.537966959923677
1,795,1,0.6296278204014057
1,796,0,13.493611864047198
1,796,1,1.0435188200607686
1,797,0,13.545870098141185
1,797,1,0.6111522383608595
1,798,0,13.539871196536032
1,798,1,0.6058965860904229
1,799,0,13.538727497221727
1,799,1,0.5633692783941951
1,800,0,13.514056142695049
1,800,1,0.8843674527928154
1,801,0,13.492982811062122
1,801,1,0.965099219445373
1,802,0,13.534993710638544
1,802,1,0.6696402755830111
1,803,0,13.54776299795581
1,803,1,0.5636209057401091
1,804,0,13.56563851575536
1,804,1,0.4204140576473173
1,805,0,13.581948176697216
1,805,1,0.2582838678163995
1,806,0,13.566067403311491
1,806,1,0.35247959976092824
1,807,0,13.557480088631074
1,807,1,0.4917344315067854
1,808,0,13.47550321004974
1,808,1,1.1436402831327055
1,809,0,13.552858148509866
1,809,1,0.47695503371021836
1,810,0,13.560861898580773
1,810,1,0.4282188594064219
1,811,0,13.530621212208226
1,811,1,0.6618123576534529
1,812,0,13.524375863040987
1,812,1,0.7378351554903902
1,813,0,13.507734135576422
1,813,1,0.9372434494396134
1,814,0,13.596457490750293
1,814,1,0.11701809227386366
1,815,0,13.468391787907441
1,815,1,1.213502175976859
1,816,0,13.553969585374066
1,816,1,0.556904097363296
1,817,0,13.47729814341042
1,817,1,1.0772426464344587
1,818,0,13.56250662030257
1,818,1,0.4953920424557426
1,819,0,13.507595456411199
1,819,1,1.0825261401608588
1,820,0,13.51918571884185
1,820,1,0.9895868769388522
1,821,0,13.479863935668844
1,821,1,1.0794662186199904
1,822,0,13.524466563674405
1,822,1,0.7740818920705245
1,823,0,13.481719440428225
1,823,1,1.142051711712287
1,824,0,13.542154856743577
1,824,1,0.6200529735590617
1,825,0,13.48996828903112
1,825,1,1.0441270693184144
1,826,0,13.50448642637676
1,826,1,0.9066777793215512
1,827,0,13.56817134731889
1,827,1,0.381794942541859
1,828,0,13.524956658729964
1,828,1,0.7966081372364001
1,829,0,13.563071915314747
1,829,1,0.4286936604367737
1,830,0,13.53887651531523
1,830,1,0.6500505583503109
1,831,0,13.458049055257643
1,831,1,1.2066395171184983
1,832,0,13.50597498482122
1,832,1,1.0265232181292714
1,833,0,13.523091410959717
1,833,1,0.763898781135291
1,834,0,13.516027891469943
1,834,1,0.768358211391055
1,835,0,13.551743815149525
1,835,1,0.53948116554147
1,836,0,13.445622810149603
1,836,1,1.5745546441928717
1,837,0,13.525396666050115
1,837,1,0.7561990341841647
1,838,0,13.539612189975072
1,838,1,0.6572143918209372
1,839,0,13.48965343018817
1,839,1,0.9768795456669563
1,840,0,13.565788880359486
1,840,1,0.38282452733403716
1,841,0,13.51156314363694
1,841,1,0.801576411609329
1,842,0,13.476069567335966
1,842,1,1.2066180479507445
1,843,0,13.535234087780417
1,843,1,0.660655640281066
1,844,0,13.49883400431265
1,844,1,0.9303533535585905
1,845,0,13.538379271577798
1,845,1,0.7883094426006151
1,846,0,13.544867877793113
1,846,1,0.6151478808802511
1,847,0,13.50248083800794
1,847,1,1.0580116510222395
1,848,0,13.513948214898958
1,848,1,0.7974280641976272
1,849,0,13.489681018538413
1,849,1,1.0823790932423374
1,850,0,13.55521501117577
1,850,1,0.5512685559219886
1,851,0,13.53585183083194
1,851,1,0.6705154547082299
1,852,0,13.560928054633344
1,852,1,0.3864009927340073
1,853,0,13.5712220815161
1,853,1,0.3673356850739998
1,854,0,13.58360374873337
1,854,1,0.2579972126369102
1,855,0,13.552757112729847
1,855,1,0.5042580407524483
1,856,0,13.562198248621556
1,856,1,0.43310019117332127
1,857,0,13.52287228526838
1,857,1,0.8252971639253771
1,858,0,13.52589452671717
1,858,1,0.6801437573155461
1,859,0,13.5192985813094
1,859,1,0.7275951886929154
1,860,0,13.53485655464206
1,860,1,0.5547074090055597
1,861,0,13.56453178404062
1,861,1,0.3453693701936782
1,862,0,13.534781139928848
1,862,1,0.675580380166787
1,863,0,13.5372531078423
1,863,1,0.5805213082299834
1,864,0,13.560216394228638
1,864,1,0.4397533160721651
1,865,0,13.544751240794614
1,865,1,0.650540754537483
1,866,0,13.566671302634033
1,866,1,0.3705735595294878
1,867,0,13.53125554174034
1,867,1,0.7132917964435643
1,868,0,13.546593685389167
1,868,1,0.5336895563820817
1,869,0,13.51080901966213
1,869,1,0.9442934392783635
1,870,0,13.55174937690054
1,870,1,0.5738422983581112
1,871,0,13.569529257372134
1,871,1,0.3335553711518387
1,872,0,13.572939837435658
1,872,1,0.301009702524428
1,873,0,13.529919924512333
1,873,1,0.6036770804228762
1,874,0,13.537746310558559
1,874,1,0.6144139627180326
1,875,0,13.485283637914987
1,875,1,1.2739646578497408
1,876,0,13.499014172039828
1,876,1,1.0228406279697
1,877,0,13.521265727105249
1,877,1,0.9159242438137375
1,878,0,13.563410209709039
1,878,1,0.44130443955923254
1,879,0,13.528603668076789
1,879,1,0.7389950220701135
1,880,0,13.548153839722925
1,880,1,0.6733091010768567
1,881,0,13.516799541305637
1,881,1,0.8656246059156172
1,882,0,13.509476657941999
1,882,1,0.8808014039147519
1,883,0,13.547166756663781
1,883,1,0.522533861508358
1,884,0,13.584136722004601
1,884,1,0.19924307970396038
1,885,0,13.472999569120928
1,885,1,1.3737236860659725
1,886,0,13.55671557196682
1,886,1,0.4665785732414235
1,887,0,13.563985431121717
1,887,1,0.4019648896110519
1,888,0,13.537599546034626
1,888,1,0.7039035689450875
1,889,0,13.547436759884675
1,889,1,0.517947091595641
1,890,0,13.51192891962687
1,890,1,0.8324976647451622
1,891,0,13.531929597170265
1,891,1,0.7127305639290988
1,892,0,13.501014725320085
1,892,1,0.9881943078348415
1,893,0,13.514303891963339
1,893,1,0.8164879297017883
1,894,0,13.546673213115174
1,894,1,0.5827910367418071
1,895,0,13.553603675503853
1,895,1,0.46564748573298426
1,896,0,13.545300171226717
1,896,1,0.5511076056525057
1,897,0,13.515850496420772
1,897,1,0.8692031188132567
1,898,0,13.517003129331151
1,898,1,1.003496684283065
1,899,0,13.526630679127008
1,899,1,0.7309446881292015
1,900,0,13.564247689650609
1,900,1,0.42019954809092974
1,901,0,13.472430258860207
1,901,1,1.0526230560705365
1,902,0,13.485200859001164
1,902,1,1.3238866468436639
1,903,0,13.45300800810819
1,903,1,1.334919143040549
1,904,0,13.50079828040867
1,904,1,1.0230416756575842
1,905,0,13.421795384578495
1,905,1,1.7768094071387406
1,906,0,13.535869267140926
1,906,1,0.7106824500795617
1,907,0,13.507663187121072
1,907,1,0.9834906175519863
1,908,0,13.561311382824263
1,908,1,0.4720716148893946
1,909,0,13.490971412056139
1,909,1,1.046028486814347
1,910,0,13.515498735950144
1,910,1,0.8613987878984853
1,911,0,13.522301708625218
1,911,1,0.8227326901274963
1,912,0,13.513475254484547
1,912,1,1.0348446963996518
1,913,0,13.520476979813253
1,913,1,0.8013749578193211
1,914,0,13.561402236621934
1,914,1,0.45788843697013526
1,915,0,13.58338823633954
1,915,1,0.207360048612354
1,916,0,13.553656997106067
1,916,1,0.5189643323415349
1,917,0,13.523318729811075
1,917,1,0.7375752487027457
1,918,0,13.592344103335087
1,918,1,0.15956418379877643
1,919,0,13.5512692330914
1,919,1,0.5637870918139986
1,920,0,13.519169170202286
1,920,1,0.8976901369378589
1,921,0,13.5744472257171
1,921,1,0.2595440178985151
1,922,0,13.571599875970971
1,922,1,0.3136994633893983
1,923,0,13.571519776805776
1,923,1,0.33534527258242475
1,924,0,13.57325469990641
1,924,1,0.32168862085446354
1,925,0,13.429404179296252
1,925,1,1.4729254070521831
1,926,0,13.53254562291941
1,926,1,0.7506366446456463
1,927,0,13.46810086174636
1,927,1,1.1169381233086133
1,928,0,13.515822052052131
1,928,1,0.9263246215160175
1,929,0,13.520655413186546
1,929,1,0.8692481019920241
1,930,0,13.51281531835738
1,930,1,0.9088179650303665
1,931,0,13.530522631811303
1,931,1,0.7840856837892103
1,932,0,13.593590603942975
1,932,1,0.1178172816198544
1,933,0,13.536213576695804
1,933,1,0.7001550434694337
1,934,0,13.553495771253708
1,934,1,0.5231264621463753
1,935,0,13.533318657001892
1,935,1,0.6297714221007666
1,936,0,13.509743956536118
1,936,1,0.8580232202384144
1,937,0,13.519453452059599
1,937,1,0.7493499885715698
1,938,0,13.54451429059188
1,938,1,0.6715630915205543
1,939,0,13.494615931024688
1,939,1,1.0787827116023934
1,940,0,13.549047248876644
1,940,1,0.5403378206907151
1,941,0,13.500435353110698
1,941,1,0.983338428161163
1,942,0,13.55366077666783
1,942,1,0.5021169218910383
1,943,0,13.5169956018425
1,943,1,0.8817553015504428
1,944,0,13.47296696993915
1,944,1,1.3250510370129207
1,945,0,13.466205883145445
1,945,1,1.3003386913736872
1,946,0,13.547300713813987
1,946,1,0.6813573472402542
1,947,0,13.490272682273927
1,947,1,0.9852440600005041
1,948,0,13.469860986500649
1,948,1,1.212636013654595
1,949,0,13.48593279749408
1,949,1,1.0192747251931547
1,950,0,13.58327238773488
1,950,1,0.20373371179897634
1,951,0,13.513360467661133
1,951,1,1.0333067234790811
1,952,0,13.54619716051327
1,952,1,0.6362339866964943
1,953,0,13.501608838152816
1,953,1,0.9908342385605396
1,954,0,13.520089804497797
1,954,1,0.9873350195744424
1,955,0,13.469609393930831
1,955,1,1.2523495414034655
1,956,0,13.548222566250328
1,956,1,0.6373122491348333
1,957,0,13.552260455138985
1,957,1,0.5518075768863521
1,958,0,13.527985620490963
1,958,1,0.8899695993674769
1,959,0,13.49298102196558
1,959,1,1.0738540562254444
1,960,0,13.54668570666787
1,960,1,0.5822070963870845
1,961,0,13.522735858178855
1,961,1,0.7147330730660552
1,962,0,13.499075674060018
1,962,1,0.9118367491972826
1,963,0,13.589865107941455
1,963,1,0.14130509205226033
1,964,0,13.516236725172924
1,964,1,0.7372398336884077
1,965,0,13.507550224759937
1,965,1,0.8367526739893387
1,966,0,13.533623932861177
1,966,1,0.6018393375453314
1,967,0,13.518625991489332
1,967,1,0.7875497353514359
1,968,0,13.516371368413033
1,968,1,0.7889488907133008
1,969,0,13.51826059296085
1,969,1,0.8804518856312807
1,970,0,13.53952362401102
1,970,1,0.6918425378018049
1,971,0,13.50361687879361
1,971,1,0.9081302690772717
1,972,0,13.558869788331226
1,972,1,0.41953545071395987
1,973,0,13.483336597686082
1,973,1,1.2108815587393011
1,974,0,13.496551420288544
1,974,1,1.0601604374969822
1,975,0,13.53657545470479
1,975,1,0.6357306245229521
1,976,0,13.525926402743204
1,976,1,0.7597604800411407
1,977,0,13.529279475346145
1,977,1,0.72776681119445
1,978,0,13.497496812624782
1,978,1,0.962792568898569
1,979,0,13.510181900764492
1,979,1,1.0954125576901734
1,980,0,13.545888475702512
1,980,1,0.45512565417151024
1,981,0,13.52907779456428
1,981,1,0.8067900738463292
1,982,0,13.539496847824514
1,982,1,0.5946275580720585
1,983,0,13.559172138863405
1,983,1,0.4747390390497201
1,984,0,13.504255323132172
1,984,1,1.0407178049887178
1,985,0,13.534133817467355
1,985,1,0.6974656527616454
1,986,0,13.545630786778327
1,986,1,0.6124371023732826
1,987,0,13.510574060210548
1,987,1,0.9229632772862221
1,988,0,13.541706370586343
1,988,1,0.6600731302205092
1,989,0,13.529545807756683
1,989,1,0.7998561171259367
1,990,0,13.537388880168537
1,990,1,0.6734403466079923
1,991,0,13.556377436109752
1,991,1,0.4642735532087067
1,992,0,13.530216732779575
1,992,1,0.8173800234286387
1,993,0,13.498109740259094
1,993,1,1.0669115407571694
1,994,0,13.563336339066542
1,994,1,0.4692269743352364
1,995,0,13.529855973310804
1,995,1,0.6750239828018718
1,996,0,13.481972178075223
1,996,1,1.1924938738478357
1,997,0,13.491578517916794
1,997,1,1.0649235147835385
1,998,0,13.536529283682045
1,998,1,0.6819161248923602
1,999,0,13.553455497594287
1,999,1,0.4860256252212668
2,0,0,13.506268553491928
2,0,1,0.865241339012137
2,1,0,13.522832363269083
2,1,1,0.7512418068947335
2,2,0,13.521262977744259
2,2,1,0.8455202437261802
2,3,0,13.573710198000226
2,3,1,0.3517467655087334
2,4,0,13.52666650643822
2,4,1,0.82593992600019
2,5,0,13.50836434172776
2,5,1,0.7871469365105372
2,6,0,13.562556945260983
2,6,1,0.4288259130318083
2,7,0,13.53247661389572
2,7,1,0.592220729044838
2,8,0,13.516818058348269
2,8,1,0.8096082652546346
2,9,0,13.531264741643982
2,9,1,0.6179150584271333
2,10,0,13.549214210353938
2,10,1,0.5344764895756072
2,11,0,13.577097206326776
2,11,1,0.278405587713649
2,12,0,13.507114473774152
2,12,1,0.8547819145334838
2,13,0,13.54291589456257
2,13,1,0.5875205255556905
2,14,0,13.51952061488982
2,14,1,0.8333864570185227
2,15,0,13.504071813676742
2,15,1,1.0890383525226284
2,16,0,13.541632288798846
2,16,1,0.6349419593610159
2,17,0,13.556281428439416
2,17,1,0.4655159614787038
2,18,0,13.530105824953182
2,18,1,0.695650336285106
2,19,0,13.515108920097408
2,19,1,0.793548508646102
2,20,0,13.560471463671602
2,20,1,0.4280567668825688
2,21,0,13.591957803251104
2,21,1,0.15316020554533494
2,22,0,13.461465236369152
2,22,1,1.2449782524689466
2,23,0,13.496848722200806
2,23,1,0.9888309514106447
2,24,0,13.566108095215542
2,24,1,0.41039611051105646
2,25,0,13.489181381961831
2,25,1,1.1272084499239734
2,26,0,13.513129573926426
2,26,1,0.8978038305459447
2,27,0,13.591317919249915
2,27,1,0.1455142109474931
2,28,0,13.508003764401428
2,28,1,0.8315556950006296
2,29,0,13.582039817475295
2,29,1,0.25549471885869296
2,30,0,13.492228307184364
2,30,1,0.906917670383096
2,31,0,13.513763679086992
2,31,1,0.9602567892537758
2,32,0,13.510201289181506
2,32,1,0.8722121254362332
2,33,0,13.549460251830803
2,33,1,0.49978914834323207
2,34,0,13.460682169274389
2,34,1,1.1375043433632688
2,35,0,13.554059527905347
2,35,1,0.4678104714422988
2,36,0,13.540816739691492
2,36,1,0.6577702460807584
2,37,0,13.52317775871478
2,37,1,0.683461250215576
2,38,0,13.550813703500094
2,38,1,0.5699051199751626
2,39,0,13.49508011439414
2,39,1,0.988686030405918
2,40,0,13.549613791829932
2,40,1,0.5738124516135259
2,41,0,13.482902869645386
2,41,1,1.0477288185946623
2,42,0,13.498631417080123
2,42,1,0.9911803023030811
2,43,0,13.512103267168039
2,43,1,0.9972604393285677
2,44,0,13.535930266779284
2,44,1,0.7743610395715188
2,45,0,13.528608533643935
2,45,1,0.7732461455105657
2,46,0,13.524385742080325
2,46,1,0.8909504327381312
2,47,0,13.485262416232658
2,47,1,1.0882311837116565
2,48,0,13.564634629276267
2,48,1,0.46395982068802055
2,49,0,13.551008023558587
2,49,1,0.5368036546984227
2,50,0,13.539628130762699
2,50,1,0.5881862283568272
2,51,0,13.489745641932297
2,51,1,1.1267187831038477
2,52,0,13.573616998187529
2,52,1,0.2862045794716476
2,53,0,13.549413231967122
2,53,1,0.5586029920079312
2,54,0,13.503184383216054
2,54,1,0.9731051879293652
2,55,0,13.527234598626427
2,55,1,0.6943447757366659
2,56,0,13.51280881692443
2,56,1,0.8528447990896135
2,57,0,13.596660601065294
2,57,1,0.12190209783284583
2,58,0,13.548751714596508
2,58,1,0.6267086362581578
2,59,0,13.63179657284898
2,59,1,-0.21436063988123658
2,60,0,13.534942449806751
2,60,1,0.6771299309349056
2,61,0,13.504020471533256
2,61,1,0.8390197837077523
2,62,0,13.538781840049829
2,62,1,0.6146608871130678
2,63,0,13.526352529819011
2,63,1,0.845962271831175
2,64,0,13.5110514669456
2,64,1,0.9294533173119743
2,65,0,13.551085501633555
2,65,1,0.5513264271710128
2,66,0,13.570295012980209
2,66,1,0.34871800377676315
2,67,0,13.523972114922387
2,67,1,0.786140458590454
2,68,0,13.52816566288509
2,68,1,0.6977480153130917
2,69,0,13.537709886146525
2,69,1,0.6822759275335859
2,70,0,13.4575728145255
2,70,1,1.264342754604051
2,71,0,13.52237814528303
2,71,1,0.8696335256986977
2,72,0,13.545498340252456
2,72,1,0.5757565837269631
2,73,0,13.557887247030768
2,73,1,0.4503202388312416
2,74,0,13.517550601385905
2,74,1,0.758255277460761
2,75,0,13.53986343642068
2,75,1,0.7828688975152286
2,76,0,13.48851598933649
2,76,1,1.0764898365297852
2,77,0,13.547996535092626
2,77,1,0.698711813075375
2,78,0,13.562168259223908
2,78,1,0.4246755889631009
2,79,0,13.572110950730302
2,79,1,0.3131775741555226
2,80,0,13.527229246885618
2,80,1,0.8155772904515418
2,81,0,13.584660817822057
2,81,1,0.19318118189410863
2,82,0,13.550787706643343
2,82,1,0.7085713371036574
2,83,0,13.505868569072254
2,83,1,0.8466239946050101
2,84,0,13.520528865807224
2,84,1,0.7084961803023822
2,85,0,13.500781217549788
2,85,1,0.8501194908487671
2,86,0,13.58077377088366
2,86,1,0.24006779117355612
2,87,0,13.512800128312406
2,87,1,0.769146616391661
2,88,0,13.591110438668482
2,88,1,0.1688933430119747
2,89,0,13.515644005346964
2,89,1,0.9260743595160421
2,90,0,13.565466730342191
2,90,1,0.38089841656243845
2,91,0,13.52100190889965
2,91,1,0.9666853269916091
2,92,0,13.524514350021004
2,92,1,0.76926657290439
2,93,0,13.535346152645015
2,93,1,0.6302011189292197
2,94,0,13.482690702114747
2,94,1,1.143151446165292
2,95,0,13.548738046051618
2,95,1,0.6289077036183611
2,96,0,13.540629678918933
2,96,1,0.6653075034927479
2,97,0,13.475746337131557
2,97,1,1.1141576218772888
2,98,0,13.583519663679734
2,98,1,0.26168690930670513
2,99,0,13.551762043495037
2,99,1,0.5482479591343498
2,100,0,13.552888390465936
2,100,1,0.5171418619049902
2,101,0,13.554537305195797
2,101,1,0.4721674430463979
2,102,0,13.533627497398893
2,102,1,0.550628235412709
2,103,0,13.490725719754867
2,103,1,1.3423511660125036
2,104,0,13.531353067424075
2,104,1,0.7340386185663437
2,105,0,13.461745233681723
2,105,1,1.4130307015102468
2,106,0,13.534782187181884
2,106,1,0.7294243492428885
2,107,0,13.592286486343946
2,107,1,0.17016331958457187
2,108,0,13.520636840880647
2,108,1,0.7730901521243239
2,109,0,13.605087456435433
2,109,1,0.0290355584757954
2,110,0,13.540731506760094
2,110,1,0.6549641107803683
2,111,0,13.58494760294966
2,111,1,0.22472871332894656
2,112,0,13.527747405157518
2,112,1,0.8940023003279431
2,113,0,13.606920822774098
2,113,1,0.015131305385769596
2,114,0,13.557895620300625
2,114,1,0.4680144023833032
2,115,0,13.420079620321188
2,115,1,1.536979443780312
2,116,0,13.548380945784611
2,116,1,0.6427230884437509
2,117,0,13.591255866443483
2,117,1,0.16780313354262474
2,118,0,13.511396366007403
2,118,1,0.8975697301634544
2,119,0,13.52084536026818
2,119,1,0.7811893338449033
2,120,0,13.555227182617555
2,120,1,0.4935285708251855
2,121,0,13.543156567464408
2,121,1,0.5727083611213688
2,122,0,13.57873237211086
2,122,1,0.2597985627466828
2,123,0,13.525803803609575
2,123,1,0.8545737411854555
2,124,0,13.491259506255666
2,124,1,0.9951868701589967
2,125,0,13.596694703292039
2,125,1,0.1134294594157499
2,126,0,13.49902451371254
2,126,1,1.2045064202329887
2,127,0,13.530763534519066
2,127,1,0.7212985226918405
2,128,0,13.599991687512958
2,128,1,0.0891520235169281
2,129,0,13.591034665412911
2,129,1,0.15898836968273858
2,130,0,13.491619469598431
2,130,1,1.0423351052964012
2,131,0,13.50272866362955
2,131,1,0.9411274938324341
2,132,0,13.535751952833264
2,132,1,0.608979353462356
2,133,0,13.479124087109748
2,133,1,1.2890516922937885
2,134,0,13.53283402398858
2,134,1,0.7438662587563885
2,135,0,13.544004287042519
2,135,1,0.5915020935339946
2,136,0,13.513498540993593
2,136,1,0.9421228715849566
2,137,0,13.579905947987669
2,137,1,0.24499305227554088
2,138,0,13.571386745799709
2,138,1,0.3236123775118585
2,139,0,13.55739380549089
2,139,1,0.5266214794846246
2,140,0,13.517974629359825
2,140,1,0.7953993849555228
2,141,0,13.531786257260126
2,141,1,0.7133989458472748
2,142,0,13.50450939870463
2,142,1,0.768541293450945
2,143,0,13.548709387636876
2,143,1,0.6387263243141378
2,144,0,13.570736551852551
2,144,1,0.31614560332172154
2,145,0,13.557049582412361
2,145,1,0.4793931402604207
2,146,0,13.573297680285659
2,146,1,0.367964891113573
2,147,0,13.471937532280148
2,147,1,1.1269793756726767
2,148,0,13.571528934804794
2,148,1,0.3999490071670914
2,149,0,13.56368378002567
2,149,1,0.45034137393134616
2,150,0,13.510760735603306
2,150,1,0.7756389537886537
2,151,0,13.543454426142052
2,151,1,0.6166212887757694
2,152,0,13.508931834096906
2,152,1,1.0354768929392237
2,153,0,13.530618211170642
2,153,1,0.7978348973590452
2,154,0,13.577233396497043
2,154,1,0.3093830010395118
2,155,0,13.554434158559213
2,155,1,0.46229514023248375
2,156,0,13.533559922083315
2,156,1,0.7766569331443971
2,157,0,13.60147463562182
2,157,1,0.061300572879758715
2,158,0,13.566491334886528
2,158,1,0.38903110575177063
2,159,0,13.615806343909611
2,159,1,-0.06450743407751963
2,160,0,13.450616625743319
2,160,1,1.5063109833061077
2,161,0,13.530548602287269
2,161,1,0.8449896519060882
2,162,0,13.520387023942462
2,162,1,0.8066122162152798
2,163,0,13.494353368222699
2,163,1,0.992795018756381
2,164,0,13.496156658002356
2,164,1,0.9024102681311493
2,165,0,13.511888107070094
2,165,1,0.8893424467162366
2,166,0,13.53249503423174
2,166,1,0.701652783192175
2,167,0,13.452320065329427
2,167,1,1.5047906674400002
2,168,0,13.551386064584293
2,168,1,0.5040422714101337
2,169,0,13.55904259611569
2,169,1,0.5128336367819357
2,170,0,13.555961769257863
2,170,1,0.44063157541427467
2,171,0,13.56476456017023
2,171,1,0.34691195472288483
2,172,0,13.605943040508217
2,172,1,0.023759672239012663
2,173,0,13.491952167004824
2,173,1,1.2143179722434898
2,174,0,13.57050105053144
2,174,1,0.32569558970271073
2,175,0,13.531335004188605
2,175,1,0.7027024660019728
2,176,0,13.502936159955695
2,176,1,0.9175252380472331
2,177,0,13.494745890543946
2,177,1,0.9696871143607282
2,178,0,13.553087287258597
2,178,1,0.5637416798623056
2,179,0,13.523767119342228
2,179,1,0.6735582494246046
2,180,0,13.498793655193555
2,180,1,0.9964887421475023
2,181,0,13.496539522330078
2,181,1,1.0747863099484585
2,182,0,13.516143244406637
2,182,1,0.9073722635656962
2,183,0,13.605667826615793
2,183,1,0.03110698092722156
2,184,0,13.546202728595
2,184,1,0.5487896513047061
2,185,0,13.572400704812223
2,185,1,0.3339300699835929
2,186,0,13.527907131294636
2,186,1,0.7806557701050759
2,187,0,13.545761446627631
2,187,1,0.5417231437389204
2,188,0,13.532874132431987
2,188,1,0.7304437787491006
2,189,0,13.504179386748836
2,189,1,0.9404780666346023
2,190,0,13.606267490388232
2,190,1,0.023339177835855537
2,191,0,13.53237812323715
2,191,1,0.6843603529689738
2,192,0,13.53052162027784
2,192,1,0.659503643633842
2,193,0,13.561983597897209
2,193,1,0.4344633702752609
2,194,0,13.535854375835997
2,194,1,0.6418999305390655
2,195,0,13.551484495262029
2,195,1,0.4889072642427834
2,196,0,13.602657940991948
2,196,1,0.053731329029451415
2,197,0,13.5424119224163
2,197,1,0.6500357302191629
2,198,0,13.559579752496592
2,198,1,0.4667815220175816
2,199,0,13.544894681936794
2,199,1,0.7209137238935424
2,200,0,13.534918043402017
2,200,1,0.65399628414762
2,201,0,13.516987299495892
2,201,1,0.8847861457684038
2,202,0,13.52098149477724
2,202,1,0.7683582291402182
2,203,0,13.490293132360163
2,203,1,1.2263866221312272
2,204,0,13.494812873599127
2,204,1,1.039884574279398
2,205,0,13.496430410499006
2,205,1,1.1134161442398323
2,206,0,13.49868250367769
2,206,1,1.0398551397496325
2,207,0,13.476196618582913
2,207,1,1.1570864022774192
2,208,0,13.503529633771512
2,208,1,0.8747857892722546
2,209,0,13.497216019111981
2,209,1,1.0429212348869903
2,210,0,13.494321073253884
2,210,1,1.0692022915568897
2,211,0,13.523909288247395
2,211,1,0.6954288589824004
2,212,0,13.513329953998326
2,212,1,0.8010186466220574
2,213,0,13.5141702397751
2,213,1,0.9677148793773724
2,214,0,13.495784031733209
2,214,1,0.9595518339587016
2,215,0,13.567144739304263
2,215,1,0.4550091893697621
2,216,0,13.503684429217847
2,216,1,0.9831737419023979
2,217,0,13.537725259151328
2,217,1,0.7328761782177202
2,218,0,13.521576703733128
2,218,1,0.9657355604963705
2,219,0,13.504573976848015
2,219,1,0.9913323891878347
2,220,0,13.470311903207678
2,220,1,1.1452901528580663
2,221,0,13.44579637412598
2,221,1,1.4148749210766645
2,222,0,13.550403922923799
2,222,1,0.5525606146619382
2,223,0,13.498217894356566
2,223,1,0.8557654954692482
2,224,0,13.544113121070858
2,224,1,0.5532564493220848
2,225,0,13.542384883921743
2,225,1,0.5451203095532428
2,226,0,13.534505297138566
2,226,1,0.6703354799645588
2,227,0,13.582378039372838
2,227,1,0.22449442630316194
2,228,0,13.536278053535328
2,228,1,0.6891508716546882
2,229,0,13.48917985326855
2,229,1,1.0139440989417472
2,230,0,13.579382129944328
2,230,1,0.2319609899704137
2,231,0,13.520303299120053
2,231,1,0.7882458105028575
2,232,0,13.519692862149851
2,232,1,0.7712507572368456
2,233,0,13.539408399707234
2,233,1,0.7294127227662867
2,234,0,13.521239531614968
2,234,1,0.7090958773646008
2,235,0,13.501256857661618
2,235,1,0.9640766054110742
2,236,0,13.539219036773183
2,236,1,0.5764020936883836
2,237,0,13.490768421902054
2,237,1,1.0453385809463285
2,238,0,13.539235643941412
2,238,1,0.6108193071240715
2,239,0,13.536753200067398
2,239,1,0.6930755118506944
2,240,0,13.505298674535096
2,240,1,0.9600019074149521
2,241,0,13.557566066400884
2,241,1,0.5664419568724219
2,242,0,13.527187619393548
2,242,1,0.6930338839770404
2,243,0,13.513787244560154
2,243,1,0.7248384322628391
2,244,0,13.567575659072315
2,244,1,0.46393327276206214
2,245,0,13.530210950457016
2,245,1,0.6643814273237096
2,246,0,13.576023948888054
2,246,1,0.3081631847503098
2,247,0,13.585550020420648
2,247,1,0.20308532232137688
2,248,0,13.492764557064797
2,248,1,0.916209344250418
2,249,0,13.524911402655162
2,249,1,0.7611687411410939
2,250,0,13.544266677527292
2,250,1,0.6230016524683194
2,251,0,13.495353997344532
2,251,1,1.1527487809871728
2,252,0,13.49520387904062
2,252,1,1.1592985815200083
2,253,0,13.532961620204576
2,253,1,0.6182132418629436
2,254,0,13.51998594838257
2,254,1,0.776753508423796
2,255,0,13.509277201420513
2,255,1,1.0347894736971193
2,256,0,13.548458703110501
2,256,1,0.5506988125120992
2,257,0,13.64561486786343
2,257,1,-0.3445549629993283
2,258,0,13.534897118681583
2,258,1,0.5971877852937321
2,259,0,13.508887806322402
2,259,1,0.9739538226576065
2,260,0,13.553485550653841
2,260,1,0.5083554014965157
2,261,0,13.501733501070394
2,261,1,1.009980407719863
2,262,0,13.510062020928414
2,262,1,0.8462272980238255
2,263,0,13.496637742629495
2,263,1,0.8672409304641207
2,264,0,13.540444145112057
2,264,1,0.6105965827673296
2,265,0,13.472449659566186
2,265,1,1.486379474732009
2,266,0,13.526333899224337
2,266,1,0.7124224213350314
2,267,0,13.506672623786727
2,267,1,0.9807890563082506
2,268,0,13.558654842013734
2,268,1,0.4783979183615603
2,269,0,13.544546630787243
2,269,1,0.5569645689952064
2,270,0,13.483525713880685
2,270,1,1.0657741948299382
2,271,0,13.538322825490559
2,271,1,0.5789446153015788
2,272,0,13.556932537104725
2,272,1,0.46904579997816676
2,273,0,13.558110328497525
2,273,1,0.4751848170012653
2,274,0,13.533238688607469
2,274,1,0.7431861042631399
2,275,0,13.486012892869878
2,275,1,1.1391985471619739
2,276,0,13.57435402003232
2,276,1,0.29134224019439176
2,277,0,13.539450423642613
2,277,1,0.8242822764552978
2,278,0,13.569605254232362
2,278,1,0.3346429691593487
2,279,0,13.518681729337812
2,279,1,0.8269134142899742
2,280,0,13.554194305221658
2,280,1,0.47808677471752065
2,281,0,13.581897679780372
2,281,1,0.32072461120516804
2,282,0,13.51485194249062
2,282,1,0.791823118778251
2,283,0,13.526913684918163
2,283,1,0.7383817164044616
2,284,0,13.50099763191092
2,284,1,0.8387422957700629
2,285,0,13.527499453389566
2,285,1,0.7607740678785809
2,286,0,13.56752194138872
2,286,1,0.46093183716026565
2,287,0,13.51814610299898
2,287,1,0.7169380770890305
2,288,0,13.495863395259425
2,288,1,0.9355836018963141
2,289,0,13.526636085005844
2,289,1,0.8223450792318292
2,290,0,13.542337215205162
2,290,1,0.6327506924008337
2,291,0,13.5467018501585
2,291,1,0.575302253158132
2,292,0,13.528303631011733
2,292,1,0.6728329533717996
2,293,0,13.517314586237
2,293,1,0.8006567443463213
2,294,0,13.461046255911763
2,294,1,1.4497250907210115
2,295,0,13.52645649800956
2,295,1,0.7650762682792334
2,296,0,13.53074616450421
2,296,1,0.8260154666684278
2,297,0,13.516975308891897
2,297,1,0.7226777777772878
2,298,0,13.568014292946202
2,298,1,0.4418801691909922
2,299,0,13.502476532988318
2,299,1,1.0736755977350485
2,300,0,13.517333066992885
2,300,1,0.7941755433673819
2,301,0,13.508757267899838
2,301,1,0.9744594185433736
2,302,0,13.535528577090068
2,302,1,0.6335001576825473
2,303,0,13.522535969204291
2,303,1,0.9414762230517731
2,304,0,13.504037449732452
2,304,1,0.8194915795197251
2,305,0,13.516901525011445
2,305,1,0.8345519095529459
2,306,0,13.536502099667295
2,306,1,0.6489172051352812
2,307,0,13.515923207979213
2,307,1,0.7862767879621662
2,308,0,13.581018097576044
2,308,1,0.314991734724677
2,309,0,13.6039420932025
2,309,1,0.05619057188312629
2,310,0,13.476143374734454
2,310,1,1.062971359022042
2,311,0,13.514396947762215
2,311,1,0.9016282485260563
2,312,0,13.49840692340461
2,312,1,0.9584004085408354
2,313,0,13.485192752693992
2,313,1,1.0638283039130583
2,314,0,13.511453275876017
2,314,1,0.8698637702590142
2,315,0,13.565797826105246
2,315,1,0.3764684452235593
2,316,0,13.555837885105056
2,316,1,0.5206423648411965
2,317,0,13.484877703363239
2,317,1,1.1022127049164663
2,318,0,13.533926630432713
2,318,1,0.7676186772733236
2,319,0,13.591134903149792
2,319,1,0.1761250169069782
2,320,0,13.510707204669332
2,320,1,0.9515947210678843
2,321,0,13.488184381432
2,321,1,1.0131000635183305
2,322,0,13.534595244459776
2,322,1,0.5953200866464012
2,323,0,13.479863936255551
2,323,1,1.08301476911353
2,324,0,13.486489105396268
2,324,1,0.9838358622754902
2,325,0,13.553302009470412
2,325,1,0.5205573491623399
2,326,0,13.454833390535116
2,326,1,1.4040292806204855
2,327,0,13.497706838109428
2,327,1,0.9722399492217749
2,328,0,13.509794057627618
2,328,1,0.9972699411317111
2,329,0,13.596856182554129
2,329,1,0.09444608622751763
2,330,0,13.484381057548164
2,330,1,1.043626036688239
2,331,0,13.485605426379308
2,331,1,1.1029363489634914
2,332,0,13.54087604774169
2,332,1,0.5787275500336289
2,333,0,13.545666548556108
2,333,1,0.5703437235429413
2,334,0,13.59429465588428
2,334,1,0.13261386478261936
2,335,0,13.504432407839714
2,335,1,0.9678615132127596
2,336,0,13.536432252992334
2,336,1,0.6651400949793459
2,337,0,13.513544289543702
2,337,1,0.6956499281895361
2,338,0,13.541214434670966
2,338,1,0.6065720159042971
2,339,0,13.492592546348728
2,339,1,0.9664105916275464
2,340,0,13.483690283491104
2,340,1,1.246962200281425
2,341,0,13.514053380166935
2,341,1,0.8340818999066941
2,342,0,13.529352151856745
2,342,1,0.705730401653751
2,343,0,13.56002414966791
2,343,1,0.4572421396984565
2,344,0,13.5149811112269
2,344,1,0.8688188229005138
2,345,0,13.51949378073421
2,345,1,0.8186250592420957
2,346,0,13.556776041837121
2,346,1,0.4861434491122963
2,347,0,13.478876996131808
2,347,1,1.1914704353772252
2,348,0,13.52361870823446
2,348,1,0.7709302005741279
2,349,0,13.497819737668966
2,349,1,1.0054632022947574
2,350,0,13.53658294775701
2,350,1,0.8592894516032403
2,351,0,13.482663649200493
2,351,1,1.1332061090388978
2,352,0,13.584643741263644
2,352,1,0.21054255479961606
2,353,0,13.497832237725927
2,353,1,0.9740407516049046
2,354,0,13.517790245559445
2,354,1,0.7539499404818909
2,355,0,13.557064458483234
2,355,1,0.46921203811750284
2,356,0,13.503827242204805
2,356,1,0.9966768390826996
2,357,0,13.47701764468129
2,357,1,1.1559253930593403
2,358,0,13.539012111724098
2,358,1,0.6800513919757554
2,359,0,13.512507544551552
2,359,1,0.9241961924937937
2,360,0,13.54489905370004
2,360,1,0.5459004739153149
2,361,0,13.547619516464808
2,361,1,0.5559736855642491
2,362,0,13.516516773438257
2,362,1,0.8361775072177431
2,363,0,13.502487139387378
2,363,1,1.035332969787795
2,364,0,13.537612178672834
2,364,1,0.6852759832083591
2,365,0,13.470607418638462
2,365,1,1.23744609691579
2,366,0,13.553286939133873
2,366,1,0.4923425820296513
2,367,0,13.617528730984953
2,367,1,-0.08799545287232001
2,368,0,13.5194674099544
2,368,1,0.8212688910153856
2,369,0,13.546196708282041
2,369,1,0.6605263060540653
2,370,0,13.533451334257155
2,370,1,0.6357267733939659
2,371,0,13.526517647756725
2,371,1,0.7189356380740304
2,372,0,13.506299587115134
2,372,1,0.8589155213859143
2,373,0,13.513831499293849
2,373,1,0.7908917243336586
2,374,0,13.529935772142629
2,374,1,0.6148493201466964
2,375,0,13.447427533596073
2,375,1,1.483523525701829
2,376,0,13.527817085887637
2,376,1,0.7657675261299078
2,377,0,13.503804763392818
2,377,1,1.040658124304403
2,378,0,13.564378836432134
2,378,1,0.39510245841019404
2,379,0,13.551192317054465
2,379,1,0.4663390236529055
2,380,0,13.52421069910754
2,380,1,0.865294507916507
2,381,0,13.614722938596804
2,381,1,-0.06205894128244026
2,382,0,13.49722458406811
2,382,1,0.808331390513341
2,383,0,13.56160675772662
2,383,1,0.5445242608114375
2,384,0,13.540139360709512
2,384,1,0.5919872951252453
2,385,0,13.54574865661621
2,385,1,0.7303407382942709
2,386,0,13.537105493459947
2,386,1,0.8387580543608512
2,387,0,13.570138535455557
2,387,1,0.346115753398165
2,388,0,13.542984758805865
2,388,1,0.5737723924064341
2,389,0,13.546250100689958
2,389,1,0.5990903293910232
2,390,0,13.555765405610932
2,390,1,0.430990838913139
2,391,0,13.50423851489308
2,391,1,0.968974079841202
2,392,0,13.505188225163323
2,392,1,1.0753360286130258
2,393,0,13.52338108473761
2,393,1,0.6939981485955231
2,394,0,13.502611161023921
2,394,1,0.8378726574856192
2,395,0,13.569230738724315
2,395,1,0.378166701154146
2,396,0,13.554081494982135
2,396,1,0.582734498461273
2,397,0,13.512646667411008
2,397,1,0.8499186502894838
2,398,0,13.591325276811975
2,398,1,0.16814789804618466
2,399,0,13.470869298303597
2,399,1,1.1583988258728914
2,400,0,13.59149542175779
2,400,1,0.17829004979824253
2,401,0,13.532174871717945
2,401,1,0.6868592678381858
2,402,0,13.500810764498732
2,402,1,0.9989122459938534
2,403,0,13.576121193368358
2,403,1,0.3573225896197423
2,404,0,13.57483516686789
2,404,1,0.35840767228958165
2,405,0,13.524581678873368
2,405,1,0.7399456177004352
2,406,0,13.522119044714238
2,406,1,0.8618579347477558
2,407,0,13.554252829226249
2,407,1,0.48999110754976755
2,408,0,13.493554054279914
2,408,1,1.0190933622991671
2,409,0,13.512243684408231
2,409,1,0.9313925836899037
2,410,0,13.553480137227096
2,410,1,0.5202810194347467
2,411,0,13.493894666137402
2,411,1,0.9069892295008117
2,412,0,13.534463344671453
2,412,1,0.6758627210075431
2,413,0,13.45634063712503
2,413,1,1.250224758145559
2,414,0,13.586057832177287
2,414,1,0.19969222518713958
2,415,0,13.517745758872815
2,415,1,0.8495227709711514
2,416,0,13.450475340786666
2,416,1,1.2395802671710447
2,417,0,13.492274354771233
2,417,1,1.0652302178610609
2,418,0,13.481656473908604
2,418,1,1.169190396870476
2,419,0,13.512405273530467
2,419,1,0.8620588205833813
2,420,0,13.533034472471165
2,420,1,0.7354141892992311
2,421,0,13.564874369060247
2,421,1,0.37004725844978187
2,422,0,13.486142468802713
2,422,1,1.2710983220047019
2,423,0,13.593177815092902
2,423,1,0.15768461048889384
2,424,0,13.575371623913936
2,424,1,0.3158878343570671
2,425,0,13.563632817628022
2,425,1,0.42846966482996723
2,426,0,13.4620979351455
2,426,1,1.5747692748180362
2,427,0,13.529948035945727
2,427,1,0.6431709446303268
2,428,0,13.54403868487777
2,428,1,0.5682786805442691
2,429,0,13.501625674340934
2,429,1,0.7958182514210159
2,430,0,13.546823033662406
2,430,1,0.6285450690968216
2,431,0,13.539408848808241
2,431,1,0.6044272316250596
2,432,0,13.520991607696374
2,432,1,0.8812646026065156
2,433,0,13.530292056855119
2,433,1,0.81302691095423
2,434,0,13.563478570750371
2,434,1,0.4087082664006831
2,435,0,13.55238529660786
2,435,1,0.4970135147030938
2,436,0,13.544609206235725
2,436,1,0.5664841771485207
2,437,0,13.526936840788665
2,437,1,0.7534341329732068
2,438,0,13.499779553354433
2,438,1,1.1287901784447445
2,439,0,13.560488218400595
2,439,1,0.42746026217708133
2,440,0,13.516626326968689
2,440,1,0.8238686786203476
2,441,0,13.547946354816615
2,441,1,0.5914171265823919
2,442,0,13.498139237917599
2,442,1,0.9829343027923805
2,443,0,13.460266314561059
2,443,1,1.3603458094436756
2,444,0,13.504763254348719
2,444,1,0.9354629260822603
2,445,0,13.516196425504981
2,445,1,0.8517253297422173
2,446,0,13.525706359398814
2,446,1,0.6721331766706035
2,447,0,13.563056703489046
2,447,1,0.3854044712802075
2,448,0,13.563824309817171
2,448,1,0.41332485946434705
2,449,0,13.5195368953402
2,449,1,0.871710210377934
2,450,0,13.562140124442521
2,450,1,0.42502817768840884
2,451,0,13.531062528314035
2,451,1,0.8111947425863527
2,452,0,13.535436861719015
2,452,1,0.7046840568215835
2,453,0,13.487819084270066
2,453,1,1.0962591942802695
2,454,0,13.514956491376294
2,454,1,0.8033014271426224
2,455,0,13.526878882739934
2,455,1,0.7700519990949464
2,456,0,13.552706547427237
2,456,1,0.5261718221166332
2,457,0,13.535157289161653
2,457,1,0.6268672482718629
2,458,0,13.543184006983228
2,458,1,0.6110545288913446
2,459,0,13.513414606697577
2,459,1,0.9004772815425485
2,460,0,13.569971992331162
2,460,1,0.36278492788893274
2,461,0,13.499986403488585
2,461,1,0.93525183413957
2,462,0,13.564238547134375
2,462,1,0.3696774518741682
2,463,0,13.544652787463516
2,463,1,0.6379287003992968
2,464,0,13.536118155956359
2,464,1,0.7167699887617736
2,465,0,13.499220199459593
2,465,1,1.1104106793639617
2,466,0,13.525453838074394
2,466,1,0.7207588128067053
2,467,0,13.519249919603594
2,467,1,0.7947661845662084
2,468,0,13.59367315385157
2,468,1,0.1751902799336193
2,469,0,13.512024112057807
2,469,1,0.8869020396444954
2,470,0,13.50478000062027
2,470,1,1.046199535206736
2,471,0,13.486216759299843
2,471,1,1.1017618566349443
2,472,0,13.586541547920032
2,472,1,0.2134641474251288
2,473,0,13.585425677331056
2,473,1,0.20700014468162897
2,474,0,13.526251344187118
2,474,1,0.7404321110555565
2,475,0,13.523854717377965
2,475,1,0.7729536940343942
2,476,0,13.509911457436997
2,476,1,0.9633084671336895
2,477,0,13.580341652569816
2,477,1,0.25482461341791923
2,478,0,13.523855441002267
2,478,1,0.7330293234274983
2,479,0,13.600934005682152
2,479,1,0.07647828476090503
2,480,0,13.515949209757602
2,480,1,0.8520332346803342
2,481,0,13.51003556498387
2,481,1,0.8613816100756964
2,482,0,13.570155170284414
2,482,1,0.34024767675993484
2,483,0,13.514719445266689
2,483,1,0.802282288063432
2,484,0,13.517002880136967
2,484,1,0.9389373442305912
2,485,0,13.512121445997607
2,485,1,0.8044545097518153
2,486,0,13.498439470135732
2,486,1,0.9035259350840588
2,487,0,13.473220382714581
2,487,1,1.3994378306643653
2,488,0,13.514780124452372
2,488,1,0.9267729538266581
2,489,0,13.578353460145305
2,489,1,0.28661642135233517
2,490,0,13.547731038577124
2,490,1,0.6323339159789818
2,491,0,13.45003989628181
2,491,1,1.3522185727512521
2,492,0,13.47961495967962
2,492,1,1.1557649399446583
2,493,0,13.525596396313295
2,493,1,0.755035231859936
2,494,0,13.514222371393986
2,494,1,0.8614174856165666
2,495,0,13.555404439930548
2,495,1,0.481362271865418
2,496,0,13.536710447803308
2,496,1,0.6203847639440062
2,497,0,13.545984456356527
2,497,1,0.6307358661438943
2,498,0,13.53443581774626
2,498,1,0.7013381692567896
2,499,0,13.519698146070494
2,499,1,0.6294321114476839
2,500,0,13.565155845211637
2,500,1,0.4234526493032613
2,501,0,13.529211567646552
2,501,1,0.7662893729671537
2,502,0,13.489502735727553
2,502,1,0.956397854460054
2,503,0,13.581924203430336
2,503,1,0.26933248771834123
2,504,0,13.535465983484418
2,504,1,0.7473962725452041
2,505,0,13.546346363566865
2,505,1,0.5966382371870662
2,506,0,13.512521310172719
2,506,1,0.9035568961007987
2,507,0,13.510461917366134
2,507,1,0.7295677452704159
2,508,0,13.538891092957966
2,508,1,0.6922523989122353
2,509,0,13.549862560943959
2,509,1,0.5771964740427455
2,510,0,13.514010305568858
2,510,1,0.8787313106769604
2,511,0,13.552643373903022
2,511,1,0.4958451980760361
2,512,0,13.577442205696867
2,512,1,0.2729644129138315
2,513,0,13.566663406971982
2,513,1,0.3970579642717547
2,514,0,13.509140738122499
2,514,1,0.940832663180148
2,515,0,13.547126891539643
2,515,1,0.5834799836299047
2,516,0,13.517452850049338
2,516,1,0.7956076620353314
2,517,0,13.573251731125305
2,517,1,0.2845551705036235
2,518,0,13.499953114521405
2,518,1,0.8949664572150194
2,519,0,13.571341770252666
2,519,1,0.3601912631635577
2,520,0,13.477937916514039
2,520,1,1.1452208038965845
2,521,0,13.515541097130319
2,521,1,0.9625630225634172
2,522,0,13.502360054587893
2,522,1,0.955583057154521
2,523,0,13.570480393519041
2,523,1,0.3370819169300101
2,524,0,13.59945159380959
2,524,1,0.07596465530155767
2,525,0,13.555018350943167
2,525,1,0.4449198113067589
2,526,0,13.479158938901358
2,526,1,1.1713302989193062
2,527,0,13.51077501447007
2,527,1,1.0222363810282957
2,528,0,13.524257956995175
2,528,1,0.7071250523667575
2,529,0,13.516458516928516
2,529,1,0.7705105251923214
2,530,0,13.531278183237001
2,530,1,0.6754511248947451
2,531,0,13.51029679310289
2,531,1,0.863135815720837
2,532,0,13.475676120448336
2,532,1,1.23527059011756
2,533,0,13.605892031377014
2,533,1,0.025630385709953744
2,534,0,13.522682080527
2,534,1,0.7957768968273984
2,535,0,13.536521002790677
2,535,1,0.6081166155710768
2,536,0,13.560063944853486
2,536,1,0.37708815703966647
2,537,0,13.545125122664608
2,537,1,0.6126952251242993
2,538,0,13.579865836040971
2,538,1,0.2605072208894446
2,539,0,13.51419555904294
2,539,1,0.9000361279521495
2,540,0,13.563466237057263
2,540,1,0.44393600570882114
2,541,0,13.490664722900268
2,541,1,1.1184743371230488
2,542,0,13.56451773519268
2,542,1,0.40996648823582316
2,543,0,13.551564914271005
2,543,1,0.5335010089208969
2,544,0,13.55361047063488
2,544,1,0.5273364555683471
2,545,0,13.527365667814387
2,545,1,0.7824358623485329
2,546,0,13.59213653877475
2,546,1,0.17110504935655246
2,547,0,13.511613941902452
2,547,1,0.8474855685480089
2,548,0,13.604676817717968
2,548,1,0.03643232923182176
2,549,0,13.529230067725573
2,549,1,0.7467430936429473
2,550,0,13.534091108396515
2,550,1,0.7247978008981314
2,551,0,13.49019566347346
2,551,1,0.9341319945122437
2,552,0,13.524760251439238
2,552,1,0.7936846799256209
2,553,0,13.564375222043589
2,553,1,0.4002283941939854
2,554,0,13.525676678527471
2,554,1,0.7379869611390797
2,555,0,13.442985342643004
2,555,1,1.3976390595580772
2,556,0,13.514397061831087
2,556,1,1.04796296729756
2,557,0,13.517894085579009
2,557,1,0.79473990390935
2,558,0,13.510853428280667
2,558,1,0.8037613373405461
2,559,0,13.571716311512263
2,559,1,0.35662662658023125
2,560,0,13.524527598255256
2,560,1,0.7935488685979993
2,561,0,13.483256937193026
2,561,1,1.2587087681294753
2,562,0,13.493597641292219
2,562,1,1.120178469988754
2,563,0,13.504641986534281
2,563,1,1.0276193473407003
2,564,0,13.52075446059843
2,564,1,0.7896728953484328
2,565,0,13.50895191732452
2,565,1,0.8126837691911598
2,566,0,13.538167925706157
2,566,1,0.9222499690251917
2,567,0,13.529550252105757
2,567,1,0.7070425596797655
2,568,0,13.538687056360416
2,568,1,0.6495408549652585
2,569,0,13.551529295469065
2,569,1,0.5155250626100953
2,570,0,13.56313790286863
2,570,1,0.3763684498840756
2,571,0,13.517009362039776
2,571,1,0.8339394786551344
2,572,0,13.53071041687623
2,572,1,0.6966769046591424
2,573,0,13.507161410322464
2,573,1,0.9998363088276839
2,574,0,13.546023679387302
2,574,1,0.5385659251154135
2,575,0,13.526941996205906
2,575,1,0.8581604719642449
2,576,0,13.505218539058088
2,576,1,1.0229249163924587
2,577,0,13.5508943773456
2,577,1,0.5380867996910832
2,578,0,13.547372164930197
2,578,1,0.5746174260735831
2,579,0,13.496866183267386
2,579,1,1.008345988445087
2,580,0,13.550490720318784
2,580,1,0.48211879847845784
2,581,0,13.491011276701988
2,581,1,1.106507286290106
2,582,0,13.556204580197496
2,582,1,0.5711798951702498
2,583,0,13.52983157298715
2,583,1,0.7277713787766097
2,584,0,13.460692016170977
2,584,1,1.2157359976518067
2,585,0,13.550384067385192
2,585,1,0.5327305172188184
2,586,0,13.541357894952416
2,586,1,0.602633659143217
2,587,0,13.518832438247754
2,587,1,0.8576688818733801
2,588,0,13.594926555595103
2,588,1,0.12668792091079684
2,589,0,13.560250192203586
2,589,1,0.5010912068104362
2,590,0,13.576136420777917
2,590,1,0.33786043053771136
2,591,0,13.500765773936951
2,591,1,0.8365559004462052
2,592,0,13.612381857591735
2,592,1,-0.031808885413327034
2,593,0,13.482624867111552
2,593,1,1.2158363415983833
2,594,0,13.479167939609821
2,594,1,1.098396627854233
2,595,0,13.509087204571404
2,595,1,0.8733624142082327
2,596,0,13.511172724943298
2,596,1,0.9328015722474625
2,597,0,13.546526046739059
2,597,1,0.5709572828354096
2,598,0,13.557755633579763
2,598,1,0.4914591474126419
2,599,0,13.48975728551991
2,599,1,1.165026697561221
2,600,0,13.519441091993146
2,600,1,0.8637358365443085
2,601,0,13.546846237737874
2,601,1,0.5613584015012982
2,602,0,13.468928713307971
2,602,1,1.1200094186279004
2,603,0,13.505085480389358
2,603,1,0.9790663903103237
2,604,0,13.503299039284498
2,604,1,0.7907862494497343
2,605,0,13.590165782966071
2,605,1,0.15199705072389672
2,606,0,13.545520622437227
2,606,1,0.6409717284929114
2,607,0,13.528380480200374
2,607,1,0.7544455356034914
2,608,0,13.566218335309143
2,608,1,0.4340065131866157
2,609,0,13.574834156347107
2,609,1,0.2713452611257809
2,610,0,13.509278270627522
2,610,1,0.8429109711320247
2,611,0,13.497907089027098
2,611,1,0.9807772687190661
2,612,0,13.602745882548314
2,612,1,0.0522466862132226
2,613,0,13.535570717421344
2,613,1,0.7060756865688469
2,614,0,13.506094557186845
2,614,1,0.9421334396366905
2,615,0,13.538281957398977
2,615,1,0.6308249570623963
2,616,0,13.48163128382613
2,616,1,1.3090718600452145
2,617,0,13.513110686523184
2,617,1,0.8939731051177205
2,618,0,13.539946557413899
2,618,1,0.5630632786545783
2,619,0,13.529256449409095
2,619,1,0.6527887872675407
2,620,0,13.445284296451208
2,620,1,1.390872209717906
2,621,0,13.500201902480194
2,621,1,1.1388919330908025
2,622,0,13.514740807791814
2,622,1,0.913803827372968
2,623,0,13.523991118982847
2,623,1,0.7663354907589304
2,624,0,13.54434178669539
2,624,1,0.5735648401015783
2,625,0,13.494111253211614
2,625,1,0.9113390346504218
2,626,0,13.51042888408945
2,626,1,0.8973492118378434
2,627,0,13.536703250422143
2,627,1,0.6373494875219068
2,628,0,13.553739000736547
2,628,1,0.5122435660683854
2,629,0,13.543746837207443
2,629,1,0.6299678969071758
2,630,0,13.518583252186358
2,630,1,0.7140113847308821
2,631,0,13.538300482226107
2,631,1,0.6634788973971945
2,632,0,13.538610072402575
2,632,1,0.7159017730279486
2,633,0,13.540405686061673
2,633,1,0.5477800479802115
2,634,0,13.548105567720743
2,634,1,0.7045629765457527
2,635,0,13.481514967885367
2,635,1,1.0604051167795865
2,636,0,13.537090735497998
2,636,1,0.7429533686180987
2,637,0,13.525881259705901
2,637,1,0.7259868412372168
2,638,0,13.527854882116541
2,638,1,0.7859713630753756
2,639,0,13.595897717267174
2,639,1,0.13194043635648528
2,640,0,13.552614691372904
2,640,1,0.564462265389297
2,641,0,13.522001680222418
2,641,1,0.6942526084072356
2,642,0,13.49364642726711
2,642,1,1.1399971500551043
2,643,0,13.545258024151039
2,643,1,0.5565643126355561
2,644,0,13.453248418484344
2,644,1,1.2497552787452952
2,645,0,13.545092810770415
2,645,1,0.5797860959774277
2,646,0,13.545031241724732
2,646,1,0.6528418231284833
2,647,0,13.544029576243984
2,647,1,0.6042004365757601
2,648,0,13.509575059392557
2,648,1,0.8624702209148664
2,649,0,13.550252710823749
2,649,1,0.4881192263293625
2,650,0,13.537015630296978
2,650,1,0.5659559419155922
2,651,0,13.530527992894019
2,651,1,0.7198891657846667
2,652,0,13.554503816327008
2,652,1,0.45802222257761205
2,653,0,13.499902217046644
2,653,1,0.9735375724983917
2,654,0,13.501330000243136
2,654,1,1.0052182994771055
2,655,0,13.481665024212733
2,655,1,0.998845307315287
2,656,0,13.499274376372604
2,656,1,0.9507779079951867
2,657,0,13.544921854152767
2,657,1,0.5140577060006292
2,658,0,13.545204837924059
2,658,1,0.5680299317673417
2,659,0,13.575865069347055
2,659,1,0.2803753395021743
2,660,0,13.517157254795904
2,660,1,1.0018759778097637
2,661,0,13.544207177428369
2,661,1,0.5670949762547587
2,662,0,13.481462453554814
2,662,1,1.2957292312538307
2,663,0,13.57844189543906
2,663,1,0.3239412906440058
2,664,0,13.496410130390368
2,664,1,0.8625483063606946
2,665,0,13.52218804165451
2,665,1,0.8025608183868093
2,666,0,13.45962415729593
2,666,1,1.2459124984860495
2,667,0,13.536579552209458
2,667,1,0.6594650037393703
2,668,0,13.556712298668229
2,668,1,0.4045452161499908
2,669,0,13.482144021780035
2,669,1,1.1559506850131993
2,670,0,13.530972193297462
2,670,1,0.7380409888977669
2,671,0,13.493563940556816
2,671,1,1.0455217211119365
2,672,0,13.544348564675747
2,672,1,0.5691066201161411
2,673,0,13.479119501779325
2,673,1,1.2418246016293935
2,674,0,13.528671080660706
2,674,1,0.6426569012367763
2,675,0,13.579125506586688
2,675,1,0.27916591337114327
2,676,0,13.575860946815315
2,676,1,0.36349629789169724
2,677,0,13.523133076221184
2,677,1,0.7852645203528982
2,678,0,13.53745284907239
2,678,1,0.6637763906471404
2,679,0,13.500544571195485
2,679,1,1.138609530188068
2,680,0,13.52158232123913
2,680,1,0.7378604999802596
2,681,0,13.571397632679387
2,681,1,0.3814502924493027
2,682,0,13.484813401764006
2,682,1,1.2490481867420418
2,683,0,13.57010527730011
2,683,1,0.37132907515222136
2,684,0,13.567444493273607
2,684,1,0.2973129480928645
2,685,0,13.572763503926888
2,685,1,0.3315073409226292
2,686,0,13.48275524808769
2,686,1,1.1033741474403367
2,687,0,13.510588131156128
2,687,1,0.8827468301497254
2,688,0,13.507158159947398
2,688,1,0.8949794206083449
2,689,0,13.54241430579976
2,689,1,0.6182073338069725
2,690,0,13.503256659226198
2,690,1,0.9732213824853345
2,691,0,13.556505776506423
2,691,1,0.48842533995365744
2,692,0,13.51569038773497
2,692,1,0.9369214771436849
2,693,0,13.566918379058972
2,693,1,0.3574205802412882
2,694,0,13.569928414552782
2,694,1,0.3431457752377841
2,695,0,13.516251009527283
2,695,1,0.8554983218824654
2,696,0,13.494886570098167
2,696,1,0.9204007246710174
2,697,0,13.490313283482259
2,697,1,0.9219514683731679
2,698,0,13.561771933589226
2,698,1,0.489119579042782
2,699,0,13.611805568927146
2,699,1,-0.02598245654344121
2,700,0,13.525367207394211
2,700,1,0.6904765206622187
2,701,0,13.524258576483284
2,701,1,0.8226158694899754
2,702,0,13.565899209504618
2,702,1,0.40268207221299906
2,703,0,13.566516120346387
2,703,1,0.38896979120496006
2,704,0,13.56367792766204
2,704,1,0.46982156216413623
2,705,0,13.516373738961372
2,705,1,0.869500985926746
2,706,0,13.536257398407276
2,706,1,0.6679211255100274
2,707,0,13.502298140854343
2,707,1,0.9641192245949349
2,708,0,13.501438711621763
2,708,1,0.9332629998004236
2,709,0,13.458635766433492
2,709,1,1.4708349853770095
2,710,0,13.572161536423973
2,710,1,0.33978899194314083
2,711,0,13.580516120495819
2,711,1,0.26639720687847446
2,712,0,13.527936283860097
2,712,1,0.8585454973374909
2,713,0,13.527920000006299
2,713,1,0.7114528403904002
2,714,0,13.473374553314631
2,714,1,1.0713184029576317
2,715,0,13.557887380004125
2,715,1,0.5350739847693176
2,716,0,13.498108804814967
2,716,1,0.889261387424929
2,717,0,13.527090415810658
2,717,1,0.6484125453544611
2,718,0,13.49595155334344
2,718,1,1.0790091068844225
2,719,0,13.480605014394119
2,719,1,1.1858837257878367
2,720,0,13.490809524071357
2,720,1,1.1658024607363653
2,721,0,13.578031362520683
2,721,1,0.30733386630053555
2,722,0,13.526397521028052
2,722,1,0.8100831371709659
2,723,0,13.502870654883996
2,723,1,1.0119619882709732
2,724,0,13.542030028221882
2,724,1,0.6957867368480881
2,725,0,13.498210781544815
2,725,1,0.9486520017488669
2,726,0,13.53943626785092
2,726,1,0.5998469708415326
2,727,0,13.497514058739858
2,727,1,0.9069683485514399
2,728,0,13.515634045135124
2,728,1,0.9465185623383781
2,729,0,13.549971259607267
2,729,1,0.5406361150303468
2,730,0,13.46716699191912
2,730,1,1.3904170487772274
2,731,0,13.5585216929726
2,731,1,0.4400811582085753
2,732,0,13.500621901787435
2,732,1,1.0563630884462525
2,733,0,13.518440624488905
2,733,1,0.905720032162387
2,734,0,13.552139187316577
2,734,1,0.5531325445301272
2,735,0,13.526502765604217
2,735,1,0.8245783469105191
2,736,0,13.498205057846556
2,736,1,0.9996046143870156
2,737,0,13.553581395181796
2,737,1,0.5352310719936068
2,738,0,13.54731102830975
2,738,1,0.45949414811266087
2,739,0,13.505614596153862
2,739,1,0.7789277343736208
2,740,0,13.558571595779284
2,740,1,0.5855223185299453
2,741,0,13.516649612616995
2,741,1,0.854734851449647
2,742,0,13.472759672583246
2,742,1,1.0902679587051094
2,743,0,13.499888543427655
2,743,1,0.9664219922633415
2,744,0,13.519607180473187
2,744,1,0.6909450094372198
2,745,0,13.522206987518109
2,745,1,0.844265401722043
2,746,0,13.53682548919382
2,746,1,0.6242195222618623
2,747,0,13.519213294555561
2,747,1,0.7630678750872624
2,748,0,13.482931832067736
2,748,1,0.9899006034718238
2,749,0,13.561591930736379
2,749,1,0.5026022210824462
2,750,0,13.483659562549391
2,750,1,1.179713357278276
2,751,0,13.555732858888652
2,751,1,0.5607705320131187
2,752,0,13.529521006655365
2,752,1,0.6545972644526018
2,753,0,13.506194144597028
2,753,1,1.0444174573511384
2,754,0,13.53682049148375
2,754,1,0.7082553970438913
2,755,0,13.559244208547153
2,755,1,0.4647348354767948
2,756,0,13.544296170809616
2,756,1,0.5929844316487605
2,757,0,13.574684963245456
2,757,1,0.3648695900454043
2,758,0,13.55707687668725
2,758,1,0.5538593492134286
2,759,0,13.557006613723821
2,759,1,0.4123314306780782
2,760,0,13.502828841198133
2,760,1,0.9630163929318042
2,761,0,13.51125350205228
2,761,1,1.0198126197225457
2,762,0,13.495481719195118
2,762,1,0.8661452555820749
2,763,0,13.54535144653262
2,763,1,0.7110974267960171
2,764,0,13.52978111251703
2,764,1,0.6386179626297394
2,765,0,13.521030341275932
2,765,1,0.754050425116286
2,766,0,13.483965130829793
2,766,1,1.098206319215425
2,767,0,13.501085935204511
2,767,1,1.0218930721874506
2,768,0,13.49082396300031
2,768,1,0.9404567236319846
2,769,0,13.52130565757763
2,769,1,0.9010907214941474
2,770,0,13.477353036440453
2,770,1,1.0138245937906187
2,771,0,13.532941285326501
2,771,1,0.7711163648635166
2,772,0,13.482472226574288
2,772,1,1.161524354893769
2,773,0,13.506395838631171
2,773,1,0.9328827644729245
2,774,0,13.513332439911798
2,774,1,0.8031053343978882
2,775,0,13.54169410046182
2,775,1,0.7227816927732331
2,776,0,13.554664432511025
2,776,1,0.42849444411642207
2,777,0,13.493717861449218
2,777,1,1.085995676005626
2,778,0,13.507438641570866
2,778,1,0.9584597852614501
2,779,0,13.507557062765455
2,779,1,0.8570387920289689
2,780,0,13.50949251941689
2,780,1,0.8054778260170584
2,781,0,13.507445336232754
2,781,1,0.9833625068574645
2,782,0,13.582400755777636
2,782,1,0.23435683484357347
2,783,0,13.543261732230725
2,783,1,0.604071142451384
2,784,0,13.567818201684638
2,784,1,0.37480818749379013
2,785,0,13.557474969273567
2,785,1,0.5221440774761225
2,786,0,13.54879951392341
2,786,1,0.5276480844300885
2,787,0,13.462079454195678
2,787,1,1.3696467945125952
2,788,0,13.585926508882144
2,788,1,0.2408991986559083
2,789,0,13.551939519089384
2,789,1,0.5424186836661522
2,790,0,13.569449610930219
2,790,1,0.35777835516500106
2,791,0,13.543121461640395
2,791,1,0.6568916395325934
2,792,0,13.522986994055742
2,792,1,0.8925104312081226
2,793,0,13.493626113964481
2,793,1,1.0660838703098015
2,794,0,13.50679973466269
2,794,1,0.8897525787098677
2,795,0,13.515486215746824
2,795,1,0.8412220064536423
2,796,0,13.480328725201735
2,796,1,1.1068570223850576
2,797,0,13.554491385925957
2,797,1,0.4763686624568934
2,798,0,13.511344295903573
2,798,1,0.8196639085653413
2,799,0,13.441560964286799
2,799,1,1.4663102399516081
2,800,0,13.513769946108487
2,800,1,0.768747850354259
2,801,0,13.474908564421893
2,801,1,1.1618009846994546
2,802,0,13.453947990136562
2,802,1,1.4772328977356985
2,803,0,13.507866351624797
2,803,1,0.8257212618005755
2,804,0,13.52529156452829
2,804,1,0.8126368677417157
2,805,0,13.540186908801953
2,805,1,0.5602250263348316
2,806,0,13.520082387368975
2,806,1,0.7141119937264013
2,807,0,13.523495499145595
2,807,1,0.7323315466871332
2,808,0,13.548521857918455
2,808,1,0.571372580063729
2,809,0,13.55473320852449
2,809,1,0.49432087989566115
2,810,0,13.520306084163197
2,810,1,0.9878518415998864
2,811,0,13.536635742381126
2,811,1,0.6167657938406581
2,812,0,13.510301437872767
2,812,1,0.8775186092226209
2,813,0,13.533049317761106
2,813,1,0.8282630348338818
2,814,0,13.503058070422652
2,814,1,0.8949761211301465
2,815,0,13.56501895228584
2,815,1,0.48148067565466146
2,816,0,13.49463155113863
2,816,1,1.0615708863120696
2,817,0,13.528884050652495
2,817,1,0.6702792506191617
2,818,0,13.544906117151434
2,818,1,0.540049936138382
2,819,0,13.530296663495417
2,819,1,0.8275768216463382
2,820,0,13.51982916755323
2,820,1,0.8264915283270071
2,821,0,13.54832952329425
2,821,1,0.5345060425214326
2,822,0,13.505687986018685
2,822,1,0.9683317595430904
2,823,0,13.49154995882185
2,823,1,1.1383596076377542
2,824,0,13.550053996663676
2,824,1,0.47675202202489425
2,825,0,13.527876213653407
2,825,1,0.7930618422860669
2,826,0,13.570669415459589
2,826,1,0.3770013866755705
2,827,0,13.5380577629282
2,827,1,0.6727034662220104
2,828,0,13.527283657401158
2,828,1,0.7837320144404529
2,829,0,13.563184487860141
2,829,1,0.3893346631013437
2,830,0,13.51517328745619
2,830,1,0.8234203366308227
2,831,0,13.500273465295722
2,831,1,0.9637315350525373
2,832,0,13.510386693406895
2,832,1,0.8708657170971498
2,833,0,13.440050870333504
2,833,1,1.7446319774082457
2,834,0,13.593304116312357
2,834,1,0.15352538366438867
2,835,0,13.505673533737427
2,835,1,0.904751807749171
2,836,0,13.514852504989271
2,836,1,0.8396265928746224
2,837,0,13.475328871387783
2,837,1,1.11137798333917
2,838,0,13.536591228608449
2,838,1,0.6097360694151712
2,839,0,13.536777124337105
2,839,1,0.7264108448515453
2,840,0,13.518612428783612
2,840,1,0.9594839293713046
2,841,0,13.503420690599114
2,841,1,0.9116342101364422
2,842,0,13.536560206144708
2,842,1,0.6682305085167523
2,843,0,13.573117672658567
2,843,1,0.31509563080764275
2,844,0,13.55258790447346
2,844,1,0.4817059517479973
2,845,0,13.516023053542863
2,845,1,0.994591794220894
2,846,0,13.547199290153854
2,846,1,0.5075947904975469
2,847,0,13.511016260796008
2,847,1,1.0957147674057235
2,848,0,13.571146374799325
2,848,1,0.33103287684813965
2,849,0,13.582407877877387
2,849,1,0.24899347230237637
2,850,0,13.513368715150463
2,850,1,0.9134597437128282
2,851,0,13.541580643166315
2,851,1,0.6018032644662733
2,852,0,13.564107166036596
2,852,1,0.3884405393091597
2,853,0,13.563561442704517
2,853,1,0.40172157592409674
2,854,0,13.533006084484768
2,854,1,0.5776742869891753
2,855,0,13.53133425970502
2,855,1,0.801006729533532
2,856,0,13.53301952193069
2,856,1,0.708597972294839
2,857,0,13.468914766261664
2,857,1,1.1852836791253245
2,858,0,13.509112469060405
2,858,1,0.9329831678028453
2,859,0,13.55878980764108
2,859,1,0.4803777746480672
2,860,0,13.508238223102236
2,860,1,0.9470739661638854
2,861,0,13.515187525701355
2,861,1,0.9778503442745828
2,862,0,13.510844623325804
2,862,1,0.7541490882919959
2,863,0,13.5302655942463
2,863,1,0.7712498228199723
2,864,0,13.57167237530555
2,864,1,0.36134148528289073
2,865,0,13.564212985911707
2,865,1,0.41249835177541544
2,866,0,13.555046541335932
2,866,1,0.503037810208119
2,867,0,13.559272678169073
2,867,1,0.38526345252090965
2,868,0,13.527837610835048
2,868,1,0.884848430826579
2,869,0,13.554167474087214
2,869,1,0.5510249266066845
2,870,0,13.486194450496923
2,870,1,1.1163725579712163
2,871,0,13.598901122910462
2,871,1,0.07563833111135693
2,872,0,13.540956187529774
2,872,1,0.5723082274763577
2,873,0,13.451773050259312
2,873,1,1.310837964850083
2,874,0,13.541682705561763
2,874,1,0.6103209959083918
2,875,0,13.460792912411872
2,875,1,1.1823252957234927
2,876,0,13.48214632103727
2,876,1,1.1402810250057271
2,877,0,13.474205452327075
2,877,1,1.1386942061358862
2,878,0,13.55550937501228
2,878,1,0.47642878659053756
2,879,0,13.52467674204648
2,879,1,0.8338879275431874
2,880,0,13.555858445691241
2,880,1,0.4608227559922939
2,881,0,13.575020935524659
2,881,1,0.3342800125116148
2,882,0,13.5692028362479
2,882,1,0.3391357663020549
2,883,0,13.557160193803503
2,883,1,0.47065487924162797
2,884,0,13.48159055239174
2,884,1,1.1185643752964733
2,885,0,13.557001175563796
2,885,1,0.44291485016234045
2,886,0,13.56877278791212
2,886,1,0.4348699994916261
2,887,0,13.538467933005991
2,887,1,0.618115426660688
2,888,0,13.492781224364492
2,888,1,1.1567809001859684
2,889,0,13.547970389677461
2,889,1,0.5503541335921089
2,890,0,13.52157735610269
2,890,1,0.7315385531761187
2,891,0,13.611283102333408
2,891,1,-0.021785256100856742
2,892,0,13.515604443975068
2,892,1,0.8499840481111716
2,893,0,13.47683232030666
2,893,1,1.0891866991374073
2,894,0,13.51904926415415
2,894,1,0.8323458766188816
2,895,0,13.52565793833603
2,895,1,0.8223198063492256
2,896,0,13.485155862878166
2,896,1,1.2484470069129583
2,897,0,13.530752191718735
2,897,1,0.7226162432486296
2,898,0,13.491437307759297
2,898,1,0.9885057834261398
2,899,0,13.5017423943133
2,899,1,0.999354879664035
2,900,0,13.475605906621919
2,900,1,1.1409181792170553
2,901,0,13.485212147708056
2,901,1,1.1332507005282393
2,902,0,13.540355636018441
2,902,1,0.6358021451063316
2,903,0,13.59739439222229
2,903,1,0.10683626559255917
2,904,0,13.589209396968664
2,904,1,0.1993037378455886
2,905,0,13.50738394352404
2,905,1,0.947288965612428
2,906,0,13.507183811199665
2,906,1,0.8805131786281972
2,907,0,13.510868312521936
2,907,1,0.9703995916158535
2,908,0,13.510033005875785
2,908,1,0.8483244086765562
2,909,0,13.54961724520831
2,909,1,0.57320343480664
2,910,0,13.511745901665083
2,910,1,0.9076764879943695
2,911,0,13.581781272217599
2,911,1,0.2677292826860991
2,912,0,13.48818295219869
2,912,1,1.1080033558902707
2,913,0,13.535679425629757
2,913,1,0.659713773412245
2,914,0,13.505340027812242
2,914,1,0.9701973897638452
2,915,0,13.56682178111138
2,915,1,0.3921707855381538
2,916,0,13.507225540064079
2,916,1,0.9939718691479594
2,917,0,13.500387405183199
2,917,1,1.1007418948333947
2,918,0,13.530823159989568
2,918,1,0.7670060560060074
2,919,0,13.509507424534826
2,919,1,1.101192925979567
2,920,0,13.580288260641419
2,920,1,0.2561253731286809
2,921,0,13.504573421739055
2,921,1,0.8717490682051333
2,922,0,13.543390239553371
2,922,1,0.6351909549131839
2,923,0,13.492234512638804
2,923,1,1.1644886955245588
2,924,0,13.468931960392796
2,924,1,1.2325867210265247
2,925,0,13.534131277425569
2,925,1,0.6323556111120026
2,926,0,13.528678515261268
2,926,1,0.7926309155344983
2,927,0,13.527037539733293
2,927,1,0.7050292181046566
2,928,0,13.580187166942014
2,928,1,0.2601407868608121
2,929,0,13.490951605203051
2,929,1,0.9838976981436978
2,930,0,13.550007816394631
2,930,1,0.6310172953682135
2,931,0,13.603550402775742
2,931,1,0.04207559386613157
2,932,0,13.583819480394666
2,932,1,0.2507818308964168
2,933,0,13.585410669938293
2,933,1,0.24321685316952293
2,934,0,13.515838414634779
2,934,1,0.8911015921620586
2,935,0,13.546144364693351
2,935,1,0.5911091926210654
2,936,0,13.55810379298335
2,936,1,0.4380886804327825
2,937,0,13.52654897835164
2,937,1,0.6408761566246255
2,938,0,13.517667369699158
2,938,1,0.932768477929448
2,939,0,13.581714182719432
2,939,1,0.22834140118329793
2,940,0,13.48667180486871
2,940,1,1.197347063205895
2,941,0,13.497846099040313
2,941,1,1.0081219075928458
2,942,0,13.566929996177286
2,942,1,0.387775673800375
2,943,0,13.561433410513963
2,943,1,0.5204389104495666
2,944,0,13.484217611235561
2,944,1,0.9338654930247358
2,945,0,13.480370397916769
2,945,1,1.197304238026496
2,946,0,13.557527250717532
2,946,1,0.4754248233451578
2,947,0,13.538926605614654
2,947,1,0.7187786051164484
2,948,0,13.557853395384512
2,948,1,0.4390553080817061
2,949,0,13.521437263062243
2,949,1,0.7161399301402683
2,950,0,13.613309182921544
2,950,1,-0.044136973798992216
2,951,0,13.449465508193617
2,951,1,1.5561600205997062
2,952,0,13.497230818007418
2,952,1,1.0081426432810305
2,953,0,13.56308502222827
2,953,1,0.3430608380329147
2,954,0,13.558447357282034
2,954,1,0.544120197161913
2,955,0,13.516314125475338
2,955,1,0.7602498064512311
2,956,0,13.540329501300379
2,956,1,0.5933363248885297
2,957,0,13.523362297801155
2,957,1,0.7881231980523841
2,958,0,13.528723386898006
2,958,1,0.666873438689594
2,959,0,13.464975531996462
2,959,1,1.17371697241879
2,960,0,13.501358672451227
2,960,1,1.0704468592705354
2,961,0,13.48969760603633
2,961,1,1.0425187180846665
2,962,0,13.497214023464661
2,962,1,1.0263784371194944
2,963,0,13.470679948803957
2,963,1,1.264134225646453
2,964,0,13.506061065595333
2,964,1,0.8771037189791936
2,965,0,13.495118246811007
2,965,1,1.0463348075673324
2,966,0,13.52477396734396
2,966,1,0.7861156390865246
2,967,0,13.543955704166818
2,967,1,0.6517451443623082
2,968,0,13.484495806335472
2,968,1,1.1851824857112407
2,969,0,13.525375581410062
2,969,1,0.7713517160822645
2,970,0,13.547946090874191
2,970,1,0.5006673365545361
2,971,0,13.54678952972862
2,971,1,0.5085670053598126
2,972,0,13.52691860856459
2,972,1,0.787602536778363
2,973,0,13.561492028652811
2,973,1,0.40284050973357516
2,974,0,13.556220263445125
2,974,1,0.6165504817228655
2,975,0,13.510952013614125
2,975,1,0.8984953161207657
2,976,0,13.48014197590933
2,976,1,0.9514396208581567
2,977,0,13.526766524028268
2,977,1,0.8179807610975018
2,978,0,13.548369702401175
2,978,1,0.6441657798232047
2,979,0,13.559526950670575
2,979,1,0.4547467058182559
2,980,0,13.485078477277577
2,980,1,1.106924077954958
2,981,0,13.50100577339594
2,981,1,0.9674375576509283
2,982,0,13.625499123515421
2,982,1,-0.16517842179100248
2,983,0,13.512606123907014
2,983,1,1.0260659031873829
2,984,0,13.527603553096322
2,984,1,0.8022866740558968
2,985,0,13.539575657132072
2,985,1,0.7636815237272754
2,986,0,13.524043345672181
2,986,1,0.6962222450177041
2,987,0,13.587749735809592
2,987,1,0.20882709178597458
2,988,0,13.520265608154224
2,988,1,0.8311450483756999
2,989,0,13.522230485466023
2,989,1,0.8656016598919556
2,990,0,13.549250935388791
2,990,1,0.6277561028708019
2,991,0,13.479477775950649
2,991,1,1.1994410567789295
2,992,0,13.519426502919435
2,992,1,0.9016225376788184
2,993,0,13.426373845584568
2,993,1,1.420590317217445
2,994,0,13.549966433407885
2,994,1,0.48610906366430146
2,995,0,13.496319476904048
2,995,1,0.9070958181758114
2,996,0,13.565645593674843
2,996,1,0.37844004594070935
2,997,0,13.480280674529707
2,997,1,1.1145261641914674
2,998,0,13.514243634268267
2,998,1,0.8857908759616261
2,999,0,13.545411720174915
2,999,1,0.6469449863824347
3,0,0,13.521521423883017
3,0,1,0.7880912172030777
3,1,0,13.505839453409259
3,1,1,1.0214739062519944
3,2,0,13.532637570223388
3,2,1,0.6750458670829884
3,3,0,13.560979911463676
3,3,1,0.4678605614181734
3,4,0,13.531461048379706
3,4,1,0.7944192255780386
3,5,0,13.523674703272397
3,5,1,0.8041029156982801
3,6,0,13.573395422258796
3,6,1,0.29782948237832246
3,7,0,13.567619880068579
3,7,1,0.3589740345022617
3,8,0,13.557423922567967
3,8,1,0.5128268914939849
3,9,0,13.539333662600512
3,9,1,0.6572492848914079
3,10,0,13.566614851339937
3,10,1,0.4002073875059002
3,11,0,13.5016354624326
3,11,1,0.8714440977444604
3,12,0,13.481954467415333
3,12,1,1.1452897302550882
3,13,0,13.553359595906587
3,13,1,0.6224468104880706
3,14,0,13.504231205005812
3,14,1,0.8656817671530009
3,15,0,13.502521339837553
3,15,1,0.9170136993594243
3,16,0,13.53971924724594
3,16,1,0.6462695035502898
3,17,0,13.522477973474588
3,17,1,0.7949424922097679
3,18,0,13.556102100746754
3,18,1,0.5007017531079471
3,19,0,13.509167179450047
3,19,1,0.9890397100591863
3,20,0,13.543108823272823
3,20,1,0.6541404047871652
3,21,0,13.559505579215955
3,21,1,0.5183145905246839
3,22,0,13.497814752036318
3,22,1,1.0904713409455713
3,23,0,13.476098062712564
3,23,1,1.0912189362463265
3,24,0,13.522007427492408
3,24,1,0.8385195123951832
3,25,0,13.45684489238448
3,25,1,1.4105517041042688
3,26,0,13.452316436783192
3,26,1,1.3791140452441506
3,27,0,13.623372480865047
3,27,1,-0.13570562576199144
3,28,0,13.47863857812023
3,28,1,1.301856565897679
3,29,0,13.621720841163015
3,29,1,-0.12328374157988986
3,30,0,13.49410720705467
3,30,1,0.9698055246748652
3,31,0,13.51265214773168
3,31,1,0.8206602567248956
3,32,0,13.545805647288006
3,32,1,0.5558215461144967
3,33,0,13.553837575640909
3,33,1,0.5360436968177258
3,34,0,13.544879157526022
3,34,1,0.6191852125944052
3,35,0,13.566766023544167
3,35,1,0.3565773646146943
3,36,0,13.518582474808563
3,36,1,0.8636772976474679
3,37,0,13.573663121982861
3,37,1,0.3031727836780402
3,38,0,13.518947690921717
3,38,1,0.8285766692531361
3,39,0,13.556768915494054
3,39,1,0.5109882354928857
3,40,0,13.562997458711184
3,40,1,0.3952503914998907
3,41,0,13.543762526509138
3,41,1,0.5779824190818378
3,42,0,13.532266085178897
3,42,1,0.656599831058211
3,43,0,13.540016107891187
3,43,1,0.8047943895121681
3,44,0,13.535983208163728
3,44,1,0.5863686460072822
3,45,0,13.485744039950786
3,45,1,1.100377986882966
3,46,0,13.567589464711038
3,46,1,0.37203100164387265
3,47,0,13.528962260617762
3,47,1,0.7431182450189121
3,48,0,13.550280119013054
3,48,1,0.6102260530170778
3,49,0,13.526879664748137
3,49,1,0.7260187792746621
3,50,0,13.605516478623464
3,50,1,0.02979912328845115
3,51,0,13.546891387922397
3,51,1,0.6238409997523474
3,52,0,13.522979191758179
3,52,1,0.686249908054405
3,53,0,13.513414636279832
3,53,1,0.8619550461243776
3,54,0,13.539722548489921
3,54,1,0.5491953091790404
3,55,0,13.449857735682599
3,55,1,1.461878277804295
3,56,0,13.547975668618752
3,56,1,0.6055606529735242
3,57,0,13.501019208927
3,57,1,0.8996691804475252
3,58,0,13.5234140235657
3,58,1,0.8506903326357855
3,59,0,13.5565313331195
3,59,1,0.5345983807536733
3,60,0,13.454738888438287
3,60,1,1.2131123470034282
3,61,0,13.503779814545089
3,61,1,0.9530567614092427
3,62,0,13.516252578950404
3,62,1,0.8713525282780306
3,63,0,13.538988701637551
3,63,1,0.5919390015544843
3,64,0,13.561489269203271
3,64,1,0.4225785224887725
3,65,0,13.578034923507868
3,65,1,0.2563653417234385
3,66,0,13.533991060175177
3,66,1,0.6435003820611692
3,67,0,13.536689714788979
3,67,1,0.6064700211192839
3,68,0,13.516739067832164
3,68,1,0.787659917328757
3,69,0,13.552844025403049
3,69,1,0.53292694959627
3,70,0,13.477006970931962
3,70,1,1.031167094826781
3,71,0,13.593385252927783
3,71,1,0.14695073918626197
3,72,0,13.601347461870251
3,72,1,0.08419182307943446
3,73,0,13.496049229542349
3,73,1,1.1107165419529355
3,74,0,13.561644835805533
3,74,1,0.45678504859661173
3,75,0,13.61131027485502
3,75,1,-0.0235331151029528
3,76,0,13.495321323167266
3,76,1,0.8755483457900853
3,77,0,13.528353320237636
3,77,1,0.928016896965154
3,78,0,13.561594446900402
3,78,1,0.3878660904279741
3,79,0,13.56981751805804
3,79,1,0.36701226815957727
3,80,0,13.585142984389266
3,80,1,0.24416518864871148
3,81,0,13.575079157533487
3,81,1,0.2997716765991037
3,82,0,13.50741229258371
3,82,1,1.044055639732248
3,83,0,13.518625242828707
3,83,1,0.9002678147587472
3,84,0,13.496047772438788
3,84,1,0.9913580780879325
3,85,0,13.527151125453802
3,85,1,0.8927308916614838
3,86,0,13.550773279384455
3,86,1,0.4948677239830495
3,87,0,13.564204971781047
3,87,1,0.42940952994045706
3,88,0,13.537777168712502
3,88,1,0.6281693623082941
3,89,0,13.521008232014115
3,89,1,0.8751076664228478
3,90,0,13.548850969441265
3,90,1,0.4646581841598611
3,91,0,13.476535715606323
3,91,1,1.238379681437119
3,92,0,13.571939984031236
3,92,1,0.3863035241941259
3,93,0,13.522046748172047
3,93,1,0.7810036066953997
3,94,0,13.557480163733246
3,94,1,0.47597405552606126
3,95,0,13.54154672774279
3,95,1,0.7095266459269237
3,96,0,13.480211973509574
3,96,1,1.0176447189831357
3,97,0,13.52287148680354
3,97,1,0.814345854311107
3,98,0,13.562624034840104
3,98,1,0.4413558889738737
3,99,0,13.537110827068993
3,99,1,0.6661273277216947
3,100,0,13.583461031686385
3,100,1,0.21151188306470506
3,101,0,13.466685837802347
3,101,1,1.2568333640834284
3,102,0,13.580761864984286
3,102,1,0.31479194529335325
3,103,0,13.50520073192137
3,103,1,0.800241480015444
3,104,0,13.511721670842107
3,104,1,0.8933124911180983
3,105,0,13.571071337937678
3,105,1,0.35200203941127706
3,106,0,13.509373637184595
3,106,1,0.8035060510402343
3,107,0,13.516963211542777
3,107,1,0.9199452881862961
3,108,0,13.525741580075112
3,108,1,0.7241974428491504
3,109,0,13.491570421114014
3,109,1,1.2745724549202466
3,110,0,13.473207298213952
3,110,1,1.2002575476438506
3,111,0,13.505699723796925
3,111,1,0.9770352373341985
3,112,0,13.546022369934558
3,112,1,0.531355647384492
3,113,0,13.544296919400116
3,113,1,0.5652664148188381
3,114,0,13.530392783389546
3,114,1,1.0337259486884662
3,115,0,13.518408630534745
3,115,1,0.8529185753775653
3,116,0,13.531608534029163
3,116,1,0.6898490030030209
3,117,0,13.59247785666641
3,117,1,0.16729833917916626
3,118,0,13.522990432758748
3,118,1,0.8060033838543182
3,119,0,13.530445329176334
3,119,1,0.645420356509897
3,120,0,13.537381310498045
3,120,1,0.6862362792527834
3,121,0,13.531312295075733
3,121,1,0.7132111022355443
3,122,0,13.579209101205404
3,122,1,0.3571918779255864
3,123,0,13.578270326649397
3,123,1,0.30372580400049043
3,124,0,13.572643229565324
3,124,1,0.3573073957213216
3,125,0,13.597342906995204
3,125,1,0.10715164414261227
3,126,0,13.525508319977533
3,126,1,0.8512150229886281
3,127,0,13.553441905366757
3,127,1,0.508668067360659
3,128,0,13.50356034930126
3,128,1,0.9412306386121965
3,129,0,13.475909084405986
3,129,1,1.1699276088355044
3,130,0,13.50549715348308
3,130,1,0.9473498283572087
3,131,0,13.533472381178603
3,131,1,0.6908199173799844
3,132,0,13.500686534410182
3,132,1,1.0890372524175524
3,133,0,13.563288624260858
3,133,1,0.41549865388829577
3,134,0,13.50998737301287
3,134,1,0.8875698826920605
3,135,0,13.592491204693566
3,135,1,0.16217412519379373
3,136,0,13.505578660071524
3,136,1,0.8452245908558365
3,137,0,13.547185430944504
3,137,1,0.670065739227206
3,138,0,13.506316230513155
3,138,1,1.0083927066234561
3,139,0,13.523089541029819
3,139,1,0.761552714802177
3,140,0,13.49139396942497
3,140,1,1.0299388969015737
3,141,0,13.565997218961018
3,141,1,0.4004489929457312
3,142,0,13.546611093973809
3,142,1,0.5839971117580828
3,143,0,13.574337977716242
3,143,1,0.3515152121303678
3,144,0,13.563396230974206
3,144,1,0.3635791178420114
3,145,0,13.542525162688394
3,145,1,0.6238515194168073
3,146,0,13.576866750755489
3,146,1,0.32009824899203854
3,147,0,13.523161725193495
3,147,1,0.8247387740611907
3,148,0,13.50143599546577
3,148,1,0.9929703687905087
3,149,0,13.601450904581343
3,149,1,0.0683421947947459
3,150,0,13.500802543437272
3,150,1,1.0125546154991727
3,151,0,13.550431941577564
3,151,1,0.5765062158989421
3,152,0,13.511412219621345
3,152,1,0.9505979636506606
3,153,0,13.527707912147866
3,153,1,0.7197195906004799
3,154,0,13.481035082957654
3,154,1,1.2747512744504808
3,155,0,13.584079315943267
3,155,1,0.2616868532844581
3,156,0,13.53170496797632
3,156,1,0.7117046309919046
3,157,0,13.432782470131182
3,157,1,1.477704736951014
3,158,0,13.586718359905388
3,158,1,0.24520882659186805
3,159,0,13.508640904599401
3,159,1,1.0276771637131177
3,160,0,13.513896823746196
3,160,1,0.9203521977092928
3,161,0,13.50329442615276
3,161,1,0.8738704449907517
3,162,0,13.54977109314288
3,162,1,0.580980424906156
3,163,0,13.55505536795957
3,163,1,0.5636640913107518
3,164,0,13.53425289764231
3,164,1,0.6532473530493245
3,165,0,13.573805656913366
3,165,1,0.35221923221536844
3,166,0,13.50134383462574
3,166,1,1.0963106615829845
3,167,0,13.554386453165344
3,167,1,0.5291186279504562
3,168,0,13.559412398565215
3,168,1,0.4691487293673942
3,169,0,13.559998798225232
3,169,1,0.4760278221486123
3,170,0,13.534409794971706
3,170,1,0.6812313279840305
3,171,0,13.474374063320788
3,171,1,1.5505673241612115
3,172,0,13.554643024966085
3,172,1,0.5587539627429028
3,173,0,13.513047101746109
3,173,1,0.7870799737424632
3,174,0,13.561136820938184
3,174,1,0.48825321075973893
3,175,0,13.524957679183055
3,175,1,0.922353325063977
3,176,0,13.520371963247639
3,176,1,0.8302351018771289
3,177,0,13.517853944432314
3,177,1,0.7417749527011296
3,178,0,13.557828053169048
3,178,1,0.537885894092047
3,179,0,13.509893565124399
3,179,1,0.9394851140679735
3,180,0,13.53635083237624
3,180,1,0.656102659458044
3,181,0,13.45978828772542
3,181,1,1.3147463080499826
3,182,0,13.471951308022811
3,182,1,1.024486581826359
3,183,0,13.497088791340738
3,183,1,0.9301396157325499
3,184,0,13.496924327639796
3,184,1,0.8788872187360864
3,185,0,13.560281084536562
3,185,1,0.447830843095018
3,186,0,13.495394757006695
3,186,1,1.085823400170728
3,187,0,13.506265154237981
3,187,1,0.8796354051314444
3,188,0,13.517236382466157
3,188,1,0.8529582917937097
3,189,0,13.507005983981758
3,189,1,0.8783473893540947
3,190,0,13.513679214667166
3,190,1,0.8449356928552767
3,191,0,13.487287358023208
3,191,1,1.005389058638599
3,192,0,13.537776135538298
3,192,1,0.6074314462942182
3,193,0,13.559037272081634
3,193,1,0.471811463230153
3,194,0,13.486154557561965
3,194,1,1.040602803329359
3,195,0,13.596001400072065
3,195,1,0.12466463519081716
3,196,0,13.489926255302505
3,196,1,0.950619727013379
3,197,0,13.54262973924191
3,197,1,0.7267804308322021
3,198,0,13.528340327771062
3,198,1,0.6924214655053667
3,199,0,13.500962632696643
3,199,1,0.9171095259602917
3,200,0,13.491507719390393
3,200,1,1.1161755076201902
3,201,0,13.541072666247787
3,201,1,0.6411702400503264
3,202,0,13.605219862702791
3,202,1,0.03316055568594486
3,203,0,13.49819351304886
3,203,1,1.078863902377224
3,204,0,13.525932576392083
3,204,1,0.6864928038671816
3,205,0,13.53434834655956
3,205,1,0.7018913419861351
3,206,0,13.507771123501607
3,206,1,0.7401783202580569
3,207,0,13.565441211635733
3,207,1,0.4424464082871474
3,208,0,13.510266221089978
3,208,1,0.771551072766119
3,209,0,13.477913053884823
3,209,1,1.280795732227666
3,210,0,13.58638821103144
3,210,1,0.19437950587282674
3,211,0,13.51350308877925
3,211,1,0.9278387646847667
3,212,0,13.567160066028608
3,212,1,0.36944224257483327
3,213,0,13.567356834678876
3,213,1,0.42009703834801604
3,214,0,13.542949981544012
3,214,1,0.5504523574363419
3,215,0,13.539157260146242
3,215,1,0.8230643321873157
3,216,0,13.507830811429637
3,216,1,0.8122575980283454
3,217,0,13.600987424020895
3,217,1,0.07199479871702193
3,218,0,13.454997258788483
3,218,1,1.3719041986736518
3,219,0,13.589642520624416
3,219,1,0.2066202309566741
3,220,0,13.604786884701133
3,220,1,0.039022953923794935
3,221,0,13.495884592210933
3,221,1,1.0997301254617127
3,222,0,13.484595356857502
3,222,1,1.0138053789909063
3,223,0,13.552230864513845
3,223,1,0.5165266230163329
3,224,0,13.600949951677165
3,224,1,0.07592606635245906
3,225,0,13.488324643840391
3,225,1,0.9764211383005634
3,226,0,13.546633294884625
3,226,1,0.6263021650819808
3,227,0,13.59040914418933
3,227,1,0.17916586666747752
3,228,0,13.522566286769536
3,228,1,0.8949653411189591
3,229,0,13.496728430729
3,229,1,1.0844932415565751
3,230,0,13.481016563522656
3,230,1,1.1183557536975712
3,231,0,13.527483601958776
3,231,1,0.7753953725344356
3,232,0,13.597429856308839
3,232,1,0.11001336731406645
3,233,0,13.509461604075645
3,233,1,0.8523920548766268
3,234,0,13.553442029717989
3,234,1,0.47545452569327273
3,235,0,13.513598828633722
3,235,1,0.8690017526609837
3,236,0,13.471979582987073
3,236,1,1.3170328120401793
3,237,0,13.573380584538517
3,237,1,0.30866890352738996
3,238,0,13.530688411132802
3,238,1,0.7938264026326339
3,239,0,13.512739528252503
3,239,1,0.6386380614664954
3,240,0,13.53374715889117
3,240,1,0.7890689680916411
3,241,0,13.546308299541412
3,241,1,0.49779790939678537
3,242,0,13.441232648407354
3,242,1,1.2570497835386554
3,243,0,13.506792057461206
3,243,1,0.8144231387595563
3,244,0,13.509543387233176
3,244,1,0.8756583830472844
3,245,0,13.449683054156305
3,245,1,1.233690623172014
3,246,0,13.560875601692503
3,246,1,0.5138271695070473
3,247,0,13.577929065630626
3,247,1,0.29909469438009717
3,248,0,13.492786381923471
3,248,1,1.063632968279424
3,249,0,13.581967688671906
3,249,1,0.25232214733411695
3,250,0,13.526010640181449
3,250,1,0.7542053867157423
3,251,0,13.516632810236935
3,251,1,0.8364982172217249
3,252,0,13.500471271159126
3,252,1,0.946788758913716
3,253,0,13.551338371290603
3,253,1,0.4912271975445074
3,254,0,13.507368735194431
3,254,1,0.9702875627929968
3,255,0,13.515383197733934
3,255,1,0.7894223430068289
3,256,0,13.508811257739646
3,256,1,0.87135038543372
3,257,0,13.543754050802447
3,257,1,0.6675061571251164
3,258,0,13.545262309838755
3,258,1,0.5583400466599465
3,259,0,13.543167302116363
3,259,1,0.6563052470471763
3,260,0,13.517152726018802
3,260,1,0.7665191521864175
3,261,0,13.43981227904105
3,261,1,1.3710411273289325
3,262,0,13.591816133250088
3,262,1,0.1499860620858633
3,263,0,13.527153394036564
3,263,1,0.6957529789533938
3,264,0,13.525393458202242
3,264,1,0.6650102502725653
3,265,0,13.533726441595146
3,265,1,0.7026625064616656
3,266,0,13.569863628425427
3,266,1,0.3640091474135769
3,267,0,13.507865663821127
3,267,1,0.9043336930398144
3,268,0,13.535160074312522
3,268,1,0.7692729567978879
3,269,0,13.545705940286421
3,269,1,0.6805049085824002
3,270,0,13.492755386318933
3,270,1,0.9391855771938356
3,271,0,13.564495892477568
3,271,1,0.43699983668270387
3,272,0,13.574708181723754
3,272,1,0.35187994378362736
3,273,0,13.487939757085966
3,273,1,1.1776519487369703
3,274,0,13.534085320698066
3,274,1,0.6650524182565536
3,275,0,13.512661517969452
3,275,1,0.8295849102626129
3,276,0,13.546873627654872
3,276,1,0.5562834414439208
3,277,0,13.469849935564797
3,277,1,1.1412896699705657
3,278,0,13.487387071059553
3,278,1,1.0655303604001125
3,279,0,13.55936850766294
3,279,1,0.42207062321670014
3,280,0,13.532695069485007
3,280,1,0.6395771457477317
3,281,0,13.529158665708563
3,281,1,0.7002631425249001
3,282,0,13.548601105426291
3,282,1,0.548129642390364
3,283,0,13.54364493504731
3,283,1,0.578340519317981
3,284,0,13.506692255974736
3,284,1,0.8622578848134727
3,285,0,13.539779519250954
3,285,1,0.6352672979869247
3,286,0,13.593170970795443
3,286,1,0.13655519624167226
3,287,0,13.558898276911336
3,287,1,0.5365072073090975
3,288,0,13.546620451402154
3,288,1,0.5978734353467585
3,289,0,13.555933607932321
3,289,1,0.503038628529466
3,290,0,13.53074217752925
3,290,1,0.7507845197688813
3,291,0,13.501424280312413
3,291,1,0.8916797523061071
3,292,0,13.4809211602752
3,292,1,1.038689097889481
3,293,0,13.499117105684318
3,293,1,1.200038628829003
3,294,0,13.570709142538151
3,294,1,0.3706576112013217
3,295,0,13.514205771509255
3,295,1,0.8311365712896537
3,296,0,13.56337539663224
3,296,1,0.4428908678619416
3,297,0,13.537547620816747
3,297,1,0.6074976942924581
3,298,0,13.505598964833856
3,298,1,1.0526054502951194
3,299,0,13.569884544236405
3,299,1,0.31976302358704856
3,300,0,13.490952033797207
3,300,1,1.0130319658385243
3,301,0,13.570075211740509
3,301,1,0.36044719801112635
3,302,0,13.509667198994881
3,302,1,0.9253796862066044
3,303,0,13.51486600650898
3,303,1,0.8367692993182004
3,304,0,13.571563102208993
3,304,1,0.33086444508496704
3,305,0,13.502586641325165
3,305,1,0.8487943848898669
3,306,0,13.539100344316555
3,306,1,0.6476061068694006
3,307,0,13.53429660959821
3,307,1,0.7568880208069916
3,308,0,13.548140570768966
3,308,1,0.48221531604981493
3,309,0,13.459953111930863
3,309,1,1.4908053175646563
3,310,0,13.57732913937861
3,310,1,0.27832143929943787
3,311,0,13.517542698339408
3,311,1,0.7172009984686352
3,312,0,13.537932945386382
3,312,1,0.7142714817671886
3,313,0,13.525751287107289
3,313,1,0.6849960540002549
3,314,0,13.577572612020095
3,314,1,0.31102647971409725
3,315,0,13.48922395437243
3,315,1,1.0849906119434167
3,316,0,13.519014555759014
3,316,1,0.6882477665039218
3,317,0,13.504572808911838
3,317,1,0.9637181471793538
3,318,0,13.477443977997728
3,318,1,1.1846757017124243
3,319,0,13.516388036611454
3,319,1,0.8775848916817209
3,320,0,13.496089040403389
3,320,1,0.8878204814477111
3,321,0,13.534913330124306
3,321,1,0.7207308622461192
3,322,0,13.513274666467835
3,322,1,0.775075360663386
3,323,0,13.535199534253476
3,323,1,0.7498207540749302
3,324,0,13.52964904460011
3,324,1,0.8692381513107015
3,325,0,13.55330304721183
3,325,1,0.45828168592427704
3,326,0,13.504961664150535
3,326,1,0.9843952760804815
3,327,0,13.530107441539913
3,327,1,0.6873199613582875
3,328,0,13.494655036843044
3,328,1,1.124718528254544
3,329,0,13.507348707565479
3,329,1,0.7816760930773992
3,330,0,13.462715926488299
3,330,1,1.1295706803984995
3,331,0,13.618923125062597
3,331,1,-0.1055544112159856
3,332,0,13.533744183636916
3,332,1,0.6202198686071976
3,333,0,13.538660635089583
3,333,1,0.6336539835583246
3,334,0,13.485118752017916
3,334,1,1.1201504673683234
3,335,0,13.50231023888166
3,335,1,0.9137530591643932
3,336,0,13.494180036420731
3,336,1,0.9991039502403023
3,337,0,13.511818426266496
3,337,1,0.916406951417041
3,338,0,13.519663913782097
3,338,1,0.8637921238286692
3,339,0,13.569880731908313
3,339,1,0.33965524141048653
3,340,0,13.505114203875289
3,340,1,0.7684808722725974
3,341,0,13.46806079170503
3,341,1,1.2597215558125356
3,342,0,13.491147201306703
3,342,1,1.1087261305072602
3,343,0,13.499282014357863
3,343,1,0.9837621102235716
3,344,0,13.5983962526148
3,344,1,0.0955099228850845
3,345,0,13.547805761716157
3,345,1,0.5580996920069823
3,346,0,13.495673545207362
3,346,1,0.9549820753392622
3,347,0,13.54367900822021
3,347,1,0.5263872497916772
3,348,0,13.517174438274163
3,348,1,0.9613761757903921
3,349,0,13.527089517256135
3,349,1,0.7098871798243804
3,350,0,13.457211282957244
3,350,1,1.3232173418931705
3,351,0,13.471115094455108
3,351,1,1.2486288032496964
3,352,0,13.567157878810606
3,352,1,0.3819796712229655
3,353,0,13.504525671824059
3,353,1,0.8932314251022043
3,354,0,13.515378019807509
3,354,1,0.7697667106842239
3,355,0,13.530050161047841
3,355,1,0.889513149746126
3,356,0,13.482024643584468
3,356,1,1.042436641703393
3,357,0,13.558716132418729
3,357,1,0.4939693687652731
3,358,0,13.558572485739413
3,358,1,0.5306995765381164
3,359,0,13.49357165310007
3,359,1,0.9399201691248187
3,360,0,13.573949246698717
3,360,1,0.30105408052810234
3,361,0,13.597146057403307
3,361,1,0.1082133449287605
3,362,0,13.560826889230817
3,362,1,0.43878776256306723
3,363,0,13.513794026034104
3,363,1,0.8227033186651667
3,364,0,13.573965203941144
3,364,1,0.31802632307589684
3,365,0,13.546425724267891
3,365,1,0.5730496156728603
3,366,0,13.54228890235009
3,366,1,0.623063619603741
3,367,0,13.496678626628897
3,367,1,0.9095277849483631
3,368,0,13.529185944430395
3,368,1,0.7966503971337241
3,369,0,13.549487204063686
3,369,1,0.5973178941845635
3,370,0,13.550535014311997
3,370,1,0.6595524180536587
3,371,0,13.509685439764201
3,371,1,1.0565241981235858
3,372,0,13.459666576166564
3,372,1,1.3443353002756615
3,373,0,13.545862344787867
3,373,1,0.5356007490003454
3,374,0,13.52000501674729
3,374,1,0.8026828677722766
3,375,0,13.52093509620231
3,375,1,0.9662296159962376
3,376,0,13.510616532350069
3,376,1,0.7555489124167994
3,377,0,13.56421570651074
3,377,1,0.45473465251933065
3,378,0,13.49847017478923
3,378,1,1.064575283373838
3,379,0,13.591057528431623
3,379,1,0.18086057974097383
3,380,0,13.549985909036671
3,380,1,0.6024357487671687
3,381,0,13.545066154662827
3,381,1,0.5624403605455918
3,382,0,13.513262916258238
3,382,1,0.9012525375897443
3,383,0,13.527930914045292
3,383,1,0.6166702589442984
3,384,0,13.542156583754245
3,384,1,0.7177593071704595
3,385,0,13.578481207852464
3,385,1,0.24752594795916408
3,386,0,13.517521881088609
3,386,1,0.9840172237572216
3,387,0,13.476094572045183
3,387,1,1.1732258520162273
3,388,0,13.53499622202244
3,388,1,0.7033182648914056
3,389,0,13.544828857368644
3,389,1,0.5118367168039168
3,390,0,13.52813671560496
3,390,1,0.5973128108433219
3,391,0,13.535707013662668
3,391,1,0.803895145911058
3,392,0,13.54763474016525
3,392,1,0.6065245790053866
3,393,0,13.54084310392875
3,393,1,0.6964847523309513
3,394,0,13.506056800392006
3,394,1,0.9817424558530653
3,395,0,13.477965463489264
3,395,1,1.0769999884086243
3,396,0,13.531628583283979
3,396,1,0.8444600861994086
3,397,0,13.47339954428612
3,397,1,1.218736887172194
3,398,0,13.57669538152856
3,398,1,0.35083821294539996
3,399,0,13.479050319175064
3,399,1,1.1392967368336084
3,400,0,13.558381078452827
3,400,1,0.49743019516794956
3,401,0,13.496657720472136
3,401,1,0.9601337269694743
3,402,0,13.52794330979076
3,402,1,0.6566831044581983
3,403,0,13.531539937705212
3,403,1,0.7682044503463539
3,404,0,13.543082909075956
3,404,1,0.6164448730048868
3,405,0,13.54910414738375
3,405,1,0.5228767348679069
3,406,0,13.477324706101848
3,406,1,1.1668963029181887
3,407,0,13.526360581986884
3,407,1,1.116348153542514
3,408,0,13.506055769084053
3,408,1,0.7484128098913437
3,409,0,13.556069269540975
3,409,1,0.5953832593482522
3,410,0,13.5005660759493
3,410,1,0.7564200924738319
3,411,0,13.580161658935625
3,411,1,0.26429859438866116
3,412,0,13.51492805656962
3,412,1,0.858311358843914
3,413,0,13.497131679659892
3,413,1,1.147520562218726
3,414,0,13.52630687921449
3,414,1,0.7829854989073395
3,415,0,13.536952062357912
3,415,1,0.6900331144646785
3,416,0,13.510218603158188
3,416,1,0.8012978648330278
3,417,0,13.535279539120369
3,417,1,0.7874567873838867
3,418,0,13.517516112710412
3,418,1,0.7114073672438271
3,419,0,13.55252708842747
3,419,1,0.673759357876075
3,420,0,13.54731492289174
3,420,1,0.6370117981809847
3,421,0,13.515375017374948
3,421,1,0.8195445653607158
3,422,0,13.538165130265881
3,422,1,0.6326283496531454
3,423,0,13.574395003107224
3,423,1,0.3181950620527535
3,424,0,13.557531715995962
3,424,1,0.5186517233458369
3,425,0,13.569117970579624
3,425,1,0.36426310989912086
3,426,0,13.543548543309257
3,426,1,0.5738147003418923
3,427,0,13.60707773414512
3,427,1,0.014352953381417797
3,428,0,13.622535571017053
3,428,1,-0.1139127225291655
3,429,0,13.500193818608958
3,429,1,1.1156346696682693
3,430,0,13.547531180132863
3,430,1,0.5630691442177307
3,431,0,13.583235851083057
3,431,1,0.21785100411517064
3,432,0,13.563996323578298
3,432,1,0.43016155107549836
3,433,0,13.50933416323728
3,433,1,1.0097579545090536
3,434,0,13.527025334886318
3,434,1,0.730631879534559
3,435,0,13.562836573560995
3,435,1,0.4476380360829493
3,436,0,13.54821637650247
3,436,1,0.5652826058937875
3,437,0,13.506210874816926
3,437,1,0.8689878378158861
3,438,0,13.563265517942357
3,438,1,0.41570658254158654
3,439,0,13.500939515655519
3,439,1,1.056174899179919
3,440,0,13.536934921229761
3,440,1,0.792814470963039
3,441,0,13.49867826986487
3,441,1,0.8355510098808573
3,442,0,13.514737826396338
3,442,1,0.8434677474552884
3,443,0,13.508354067879548
3,443,1,0.9780115475126262
3,444,0,13.50168587280808
3,444,1,1.0574649373681722
3,445,0,13.537274131179453
3,445,1,0.6241864552578462
3,446,0,13.539523503623501
3,446,1,0.60989454642594
3,447,0,13.55397152174759
3,447,1,0.5157873398717807
3,448,0,13.540351931687614
3,448,1,0.6007469630335402
3,449,0,13.561827230788072
3,449,1,0.4742762170823612
3,450,0,13.526928922902291
3,450,1,0.7627006011857962
3,451,0,13.516423823049731
3,451,1,0.8937470590651839
3,452,0,13.445326891966658
3,452,1,1.464134521895941
3,453,0,13.522238482785578
3,453,1,0.690901589633216
3,454,0,13.542403988680652
3,454,1,0.6984416591980427
3,455,0,13.517227621167285
3,455,1,0.8404243889271423
3,456,0,13.529317807677751
3,456,1,0.7264612519644993
3,457,0,13.512781359920728
3,457,1,0.8407180310072648
3,458,0,13.497823269923291
3,458,1,0.8534810501053238
3,459,0,13.524776070871797
3,459,1,0.8438166046643923
3,460,0,13.555511329347384
3,460,1,0.4623119053300746
3,461,0,13.562183655554106
3,461,1,0.44690092105035856
3,462,0,13.505689371664765
3,462,1,0.9921479755642982
3,463,0,13.526134081465736
3,463,1,0.804775928093469
3,464,0,13.52418465711227
3,464,1,0.7465336194075122
3,465,0,13.527359396890525
3,465,1,0.7037035667748659
3,466,0,13.527760946727732
3,466,1,0.7693321109889224
3,467,0,13.54283666675743
3,467,1,0.6605154921276265
3,468,0,13.567792319042663
3,468,1,0.3906565596539828
3,469,0,13.535847778290576
3,469,1,0.6602294578110623
3,470,0,13.56218099844314
3,470,1,0.3801367663366999
3,471,0,13.60334394914642
3,471,1,0.05034977001461913
3,472,0,13.533019699316963
3,472,1,0.780673189289346
3,473,0,13.512035329577616
3,473,1,0.8789857084530989
3,474,0,13.527758173567975
3,474,1,0.8566851318462755
3,475,0,13.534889152273072
3,475,1,0.6899129677253798
3,476,0,13.515632481233258
3,476,1,0.9456028890318794
3,477,0,13.521641140880638
3,477,1,0.7740286984130368
3,478,0,13.53938913093041
3,478,1,0.7191670130941851
3,479,0,13.573197946478679
3,479,1,0.32525427788130606
3,480,0,13.57610556962685
3,480,1,0.3193215656683348
3,481,0,13.482433858941159
3,481,1,1.1031551869779768
3,482,0,13.526083092516693
3,482,1,0.768390833477699
3,483,0,13.5861034940038
3,483,1,0.23488942000895233
3,484,0,13.56163303904036
3,484,1,0.4945547551652004
3,485,0,13.514134976208917
3,485,1,0.8266906352822229
3,486,0,13.507012251525365
3,486,1,0.9946323429110758
3,487,0,13.49153978813391
3,487,1,1.0682339416701638
3,488,0,13.490333936157871
3,488,1,1.1459003433561685
3,489,0,13.532258020601036
3,489,1,0.6943528713166848
3,490,0,13.543030281168932
3,490,1,0.663567493273047
3,491,0,13.531417812422461
3,491,1,0.7269172450160225
3,492,0,13.498778155817073
3,492,1,0.843037278800407
3,493,0,13.557911609760481
3,493,1,0.5412907320020491
3,494,0,13.586649470268588
3,494,1,0.23443622915165901
3,495,0,13.494284892130505
3,495,1,0.9828903309350216
3,496,0,13.64582164763726
3,496,1,-0.391744714591147
3,497,0,13.49596047737942
3,497,1,0.9946700191610133
3,498,0,13.487100227061653
3,498,1,1.0935232631109464
3,499,0,13.53271670675098
3,499,1,0.774818597810242
3,500,0,13.530882000785438
3,500,1,0.6243518927630296
3,501,0,13.592466258602935
3,501,1,0.16527207980568565
3,502,0,13.43933924748625
3,502,1,1.2656389110801312
3,503,0,13.552252245790688
3,503,1,0.5188861819389256
3,504,0,13.527550035481033
3,504,1,0.7689161526851519
3,505,0,13.511519794164347
3,505,1,0.7988967146816953
3,506,0,13.536908373315281
3,506,1,0.6162803631974909
3,507,0,13.52008857897585
3,507,1,0.8322694563994301
3,508,0,13.493986043816209
3,508,1,1.154688710637631
3,509,0,13.490862999653414
3,509,1,0.9617242142265047
3,510,0,13.538327798329828
3,510,1,0.6553902341393166
3,511,0,13.451643466629793
3,511,1,1.4833579320805177
3,512,0,13.554658525996473
3,512,1,0.5199914672140211
3,513,0,13.476206335795762
3,513,1,1.1819091670457273
3,514,0,13.51408419793509
3,514,1,0.9597224156481038
3,515,0,13.543295810404414
3,515,1,0.7490199155829377
3,516,0,13.604538161463354
3,516,1,0.0422129601828068
3,517,0,13.496750619296751
3,517,1,0.9549459137378259
3,518,0,13.548702781863046
3,518,1,0.5400473169950419
3,519,0,13.553079514278515
3,519,1,0.44181095882409266
3,520,0,13.475355114797262
3,520,1,1.321844008924598
3,521,0,13.512363501944181
3,521,1,0.9228074003333542
3,522,0,13.535642154690493
3,522,1,0.7142531333693293
3,523,0,13.4897017032718
3,523,1,0.9996792100539843
3,524,0,13.55081466389381
3,524,1,0.5374829711919061
3,525,0,13.484588710722413
3,525,1,1.1142841041769145
3,526,0,13.597341554420003
3,526,1,0.09602278623488571
3,527,0,13.522063238519799
3,527,1,0.760139707715986
3,528,0,13.561348316512053
3,528,1,0.486182548077001
3,529,0,13.519494842113334
3,529,1,0.9692803219495081
3,530,0,13.56729304934866
3,530,1,0.37868981775827043
3,531,0,13.49760105670754
3,531,1,0.9475490665469606
3,532,0,13.482802939242188
3,532,1,1.082489240301207
3,533,0,13.529411595102387
3,533,1,0.6988722317657856
3,534,0,13.557378412842164
3,534,1,0.3987632801629368
3,535,0,13.532766014954401
3,535,1,0.5862926496138898
3,536,0,13.523999820306532
3,536,1,0.9054281908591446
3,537,0,13.538821467455568
3,537,1,0.594672496046905
3,538,0,13.584325953640823
3,538,1,0.26818009656227143
3,539,0,13.537293703854735
3,539,1,0.7335759202419799
3,540,0,13.522307443197409
3,540,1,0.6919559588543802
3,541,0,13.490555722852196
3,541,1,1.0915467751958696
3,542,0,13.57308622860669
3,542,1,0.3323903858936983
3,543,0,13.502816877496496
3,543,1,0.9116752080440883
3,544,0,13.541720099670513
3,544,1,0.5621556602514689
3,545,0,13.578608567168072
3,545,1,0.26088652166339743
3,546,0,13.485401925800357
3,546,1,1.0807307590404722
3,547,0,13.528755858134623
3,547,1,0.8042716854290826
3,548,0,13.526815296551252
3,548,1,0.887928488925034
3,549,0,13.525049238892928
3,549,1,0.6402607263815668
3,550,0,13.542407550925727
3,550,1,0.620261050924675
3,551,0,13.522134591506758
3,551,1,0.694021220928709
3,552,0,13.582660746865475
3,552,1,0.23993156572210816
3,553,0,13.510706081733876
3,553,1,0.9491798345876363
3,554,0,13.564758200102176
3,554,1,0.43076920936909063
3,555,0,13.470151184827797
3,555,1,1.2697249977088316
3,556,0,13.537530779232586
3,556,1,0.6852502374656799
3,557,0,13.48826371574045
3,557,1,1.0331295478323512
3,558,0,13.532000053850776
3,558,1,0.7318243097221971
3,559,0,13.544746345685743
3,559,1,0.5723483987412117
3,560,0,13.535531403511337
3,560,1,0.9304746664630686
3,561,0,13.529505967728301
3,561,1,0.7165140922558109
3,562,0,13.558088994208385
3,562,1,0.45562675950211295
3,563,0,13.524776787940024
3,563,1,0.8025240185398166
3,564,0,13.506788499639253
3,564,1,0.9221003227335418
3,565,0,13.539107486747593
3,565,1,0.5989383010777701
3,566,0,13.439781299420856
3,566,1,1.4484856072107326
3,567,0,13.570384791468264
3,567,1,0.39533059093322476
3,568,0,13.47811753337145
3,568,1,1.1020580972909513
3,569,0,13.565514891429869
3,569,1,0.38790101981206815
3,570,0,13.512111024953027
3,570,1,1.045068854792865
3,571,0,13.522644456732346
3,571,1,0.7616636854745386
3,572,0,13.545593753200821
3,572,1,0.5750706088013776
3,573,0,13.471120355404441
3,573,1,1.1856898658095225
3,574,0,13.507260485183615
3,574,1,0.9809686478707267
3,575,0,13.568199916639903
3,575,1,0.36800700977915446
3,576,0,13.553086748772861
3,576,1,0.49557134737419534
3,577,0,13.497295895094252
3,577,1,1.2009796138107884
3,578,0,13.468677300086581
3,578,1,1.424687289113642
3,579,0,13.515415520496132
3,579,1,0.8932561526991171
3,580,0,13.525298280263645
3,580,1,0.6410007937298697
3,581,0,13.553316912532782
3,581,1,0.4594412174506732
3,582,0,13.523193152619795
3,582,1,0.8060914137839137
3,583,0,13.571664533569034
3,583,1,0.3470587708846955
3,584,0,13.553418031642057
3,584,1,0.5112317745953308
3,585,0,13.53931441964671
3,585,1,0.6866647995528062
3,586,0,13.543493335552828
3,586,1,0.6175427791376319
3,587,0,13.476911794087565
3,587,1,1.005498699664452
3,588,0,13.52774375271695
3,588,1,0.7686501987143954
3,589,0,13.541814055709217
3,589,1,0.6373451448609869
3,590,0,13.519561436051356
3,590,1,0.7819858639841997
3,591,0,13.567830231780361
3,591,1,0.398174861879127
3,592,0,13.556441976418645
3,592,1,0.45441096352719795
3,593,0,13.557314261542487
3,593,1,0.3961112469847778
3,594,0,13.470764021758507
3,594,1,1.2904233026175833
3,595,0,13.531589681370697
3,595,1,0.7125699016877972
3,596,0,13.528487064679874
3,596,1,0.7691291021190232
3,597,0,13.531248197188953
3,597,1,0.7156401196224959
3,598,0,13.517513046919792
3,598,1,0.8848580001410313
3,599,0,13.531894292980024
3,599,1,0.7307982224349342
3,600,0,13.527223085050988
3,600,1,0.7722185706977625
3,601,0,13.512926391634503
3,601,1,0.8023005657627741
3,602,0,13.515522528440961
3,602,1,0.8088590815162175
3,603,0,13.564301258656894
3,603,1,0.3666571154934191
3,604,0,13.544946752725092
3,604,1,0.5865572940723659
3,605,0,13.558126529099706
3,605,1,0.4529050670115589
3,606,0,13.541366060820357
3,606,1,0.6960149537337532
3,607,0,13.482252757400554
3,607,1,1.1470495737020503
3,608,0,13.508575073208025
3,608,1,1.1155322851382758
3,609,0,13.597503967085776
3,609,1,0.11400149617359036
3,610,0,13.47021466446656
3,610,1,1.3330803920790395
3,611,0,13.444940112931596
3,611,1,1.3209281371101032
3,612,0,13.621975062367232
3,612,1,-0.1474835751316081
3,613,0,13.58407512723483
3,613,1,0.24378648299409947
3,614,0,13.50557092417617
3,614,1,0.9465455205181112
3,615,0,13.535768748094435
3,615,1,0.7073389932153824
3,616,0,13.49179607185024
3,616,1,1.0466775029912663
3,617,0,13.531532871602444
3,617,1,0.7682948241725529
3,618,0,13.520073793437014
3,618,1,0.8991572702926165
3,619,0,13.56695778524921
3,619,1,0.36329545263153135
3,620,0,13.54170583897348
3,620,1,0.5479218652100611
3,621,0,13.538536946971787
3,621,1,0.6015959865528371
3,622,0,13.486537776756258
3,622,1,0.9459732043010384
3,623,0,13.616281285704892
3,623,1,-0.07035951177715394
3,624,0,13.574206978796383
3,624,1,0.32385738951461185
3,625,0,13.524229416510552
3,625,1,0.7516534153137513
3,626,0,13.544024035557415
3,626,1,0.5658434735347747
3,627,0,13.478553180369016
3,627,1,1.1463331508335988
3,628,0,13.55651390267238
3,628,1,0.5608708490487103
3,629,0,13.538797116534095
3,629,1,0.6297466341624179
3,630,0,13.547881947547413
3,630,1,0.6383907178735404
3,631,0,13.46798401826535
3,631,1,1.3544379538950737
3,632,0,13.588309942998045
3,632,1,0.18503992664146582
3,633,0,13.55655257311895
3,633,1,0.4697099490501277
3,634,0,13.514420182955659
3,634,1,0.9107848500798595
3,635,0,13.52795801408883
3,635,1,0.7954386348976359
3,636,0,13.520863245564094
3,636,1,0.9149680051820579
3,637,0,13.527052765107353
3,637,1,0.7025544287070175
3,638,0,13.525859310959639
3,638,1,0.7967194061476167
3,639,0,13.561976095637268
3,639,1,0.4628841815446277
3,640,0,13.560222187420967
3,640,1,0.38022702670790637
3,641,0,13.535346042381638
3,641,1,0.6148558280702661
3,642,0,13.525840768723288
3,642,1,0.813110118224407
3,643,0,13.471475182184095
3,643,1,1.2530141294386903
3,644,0,13.500225700945744
3,644,1,0.9109961384896859
3,645,0,13.582731639662319
3,645,1,0.26481181677030613
3,646,0,13.537001415216476
3,646,1,0.8192583824980368
3,647,0,13.509816793788069
3,647,1,0.8912857676064505
3,648,0,13.549171552020866
3,648,1,0.5876342644316073
3,649,0,13.527386433546088
3,649,1,0.7160450358965593
3,650,0,13.498780968439954
3,650,1,1.0733007655838345
3,651,0,13.497550052433457
3,651,1,0.8746963789621883
3,652,0,13.534489212315377
3,652,1,0.6578181437614935
3,653,0,13.533924364322008
3,653,1,0.7732588348354495
3,654,0,13.523301633652384
3,654,1,0.8007061207592363
3,655,0,13.552812525849696
3,655,1,0.4869491857834789
3,656,0,13.458259138794912
3,656,1,1.3745227018293011
3,657,0,13.530616920768164
3,657,1,0.7273545587143756
3,658,0,13.512957567913768
3,658,1,0.7974273647909758
3,659,0,13.525545383797969
3,659,1,0.7768540734040946
3,660,0,13.500191600620079
3,660,1,1.0459623099469382
3,661,0,13.500617710108148
3,661,1,0.9018747254117885
3,662,0,13.519173507240273
3,662,1,0.7524233184603449
3,663,0,13.522345914988266
3,663,1,0.8583575391395682
3,664,0,13.497342570902681
3,664,1,0.9509913223526704
3,665,0,13.528349558181866
3,665,1,0.7076062768107276
3,666,0,13.548692122403397
3,666,1,0.5316397787301104
3,667,0,13.520130197205473
3,667,1,0.7520856715895418
3,668,0,13.553573700439662
3,668,1,0.5060474724973613
3,669,0,13.52149565940408
3,669,1,0.78271126739846
3,670,0,13.600665030652253
3,670,1,0.06950798747018427
3,671,0,13.559043821177264
3,671,1,0.4346388494274685
3,672,0,13.522454242435531
3,672,1,0.768833975100706
3,673,0,13.552596583503343
3,673,1,0.5547909223973272
3,674,0,13.52556070489367
3,674,1,0.7953378555796512
3,675,0,13.54545053456763
3,675,1,0.5695949024845923
3,676,0,13.50695152772974
3,676,1,0.940225086836041
3,677,0,13.547514437869358
3,677,1,0.5633827512715494
3,678,0,13.532117321986766
3,678,1,0.7375443554079663
3,679,0,13.525407082844048
3,679,1,0.7973436809327262
3,680,0,13.521497613539323
3,680,1,0.7972039971672509
3,681,0,13.541598737435944
3,681,1,0.5836073444295306
3,682,0,13.50967951209038
3,682,1,0.8240965309159689
3,683,0,13.58796713894197
3,683,1,0.22295729758739907
3,684,0,13.536385897150488
3,684,1,0.672732550111344
3,685,0,13.549599066045301
3,685,1,0.45720843737964106
3,686,0,13.53737936779117
3,686,1,0.6122791479630937
3,687,0,13.497393292956906
3,687,1,1.1025121192260652
3,688,0,13.564837341505164
3,688,1,0.525092614156724
3,689,0,13.550256743644576
3,689,1,0.47134097255583735
3,690,0,13.563558994160408
3,690,1,0.46802956537353496
3,691,0,13.484691634785566
3,691,1,1.074346085307066
3,692,0,13.574358244527753
3,692,1,0.30172757916030624
3,693,0,13.443263535540265
3,693,1,1.3007952007219232
3,694,0,13.551596307638622
3,694,1,0.5798114138572216
3,695,0,13.465220017405064
3,695,1,1.2172811706149014
3,696,0,13.479995987488774
3,696,1,1.2562789502651244
3,697,0,13.502093276068
3,697,1,0.9135543131722765
3,698,0,13.562531161986248
3,698,1,0.5112445034212993
3,699,0,13.56104626309357
3,699,1,0.4532409566769533
3,700,0,13.483169559547727
3,700,1,0.9868312486763833
3,701,0,13.47697151554867
3,701,1,1.1824148795903586
3,702,0,13.598218201148624
3,702,1,0.07628577774393797
3,703,0,13.585370742940633
3,703,1,0.22934197156298144
3,704,0,13.51459113984204
3,704,1,0.8717464567191844
3,705,0,13.56254343482416
3,705,1,0.4011535773728372
3,706,0,13.50129113957967
3,706,1,1.0159160787514836
3,707,0,13.54183946775405
3,707,1,0.6282786334884403
3,708,0,13.545238406716509
3,708,1,0.688694352573342
3,709,0,13.529995102772384
3,709,1,0.6833733267007754
3,710,0,13.475299971039538
3,710,1,1.3206441568075866
3,711,0,13.575791679824297
3,711,1,0.29828907454293135
3,712,0,13.538986277435471
3,712,1,0.6677280494134225
3,713,0,13.52335571326315
3,713,1,0.6221611993401192
3,714,0,13.587161858553905
3,714,1,0.1971619462963048
3,715,0,13.5315750990474
3,715,1,0.7330254162977442
3,716,0,13.500134891542421
3,716,1,0.9231501220206079
3,717,0,13.505917638569892
3,717,1,0.9333530729109201
3,718,0,13.528757502348379
3,718,1,0.7257268772454257
3,719,0,13.48503967727952
3,719,1,1.0927083216739804
3,720,0,13.480979299452331
3,720,1,1.1949711621015728
3,721,0,13.546776101762601
3,721,1,0.5379845801714241
3,722,0,13.487477403962671
3,722,1,1.104728359951562
3,723,0,13.526754845191666
3,723,1,0.9174452901116561
3,724,0,13.52509407583455
3,724,1,0.9084964455446299
3,725,0,13.53714584755032
3,725,1,0.7590274969788994
3,726,0,13.50705756443184
3,726,1,0.9926766845928137
3,727,0,13.55118887969969
3,727,1,0.5847456608843549
3,728,0,13.527646988661422
3,728,1,0.6648961237485114
3,729,0,13.522406699991825
3,729,1,0.858938681624379
3,730,0,13.480794008917966
3,730,1,1.0809857626210264
3,731,0,13.552473809884486
3,731,1,0.5468568285461305
3,732,0,13.562976509264171
3,732,1,0.4397464596155774
3,733,0,13.53804820299085
3,733,1,0.5960406033123098
3,734,0,13.506090611837363
3,734,1,0.9190995199921435
3,735,0,13.588264901686195
3,735,1,0.1817521572903648
3,736,0,13.597208262131582
3,736,1,0.12841154873556068
3,737,0,13.435694397092336
3,737,1,1.4980752076593078
3,738,0,13.582128580970151
3,738,1,0.2361265773874206
3,739,0,13.506794649247407
3,739,1,0.8772445431658749
3,740,0,13.510684775478945
3,740,1,0.9381356006676986
3,741,0,13.520570166604886
3,741,1,0.7759967050791629
3,742,0,13.508344368706577
3,742,1,0.9348497532770513
3,743,0,13.560470318929891
3,743,1,0.3342520758659528
3,744,0,13.559612898863941
3,744,1,0.5227395818913317
3,745,0,13.534420222790475
3,745,1,0.6885827794286227
3,746,0,13.57475355972625
3,746,1,0.2926977779646342
3,747,0,13.468407260216294
3,747,1,1.0921320367621299
3,748,0,13.505880699801848
3,748,1,1.0145032636836708
3,749,0,13.499601574955024
3,749,1,0.9102473203576452
3,750,0,13.49251246259285
3,750,1,1.0907945438548223
3,751,0,13.486850631682852
3,751,1,0.9735246971646345
3,752,0,13.569879885397782
3,752,1,0.4479840239111469
3,753,0,13.521334640451393
3,753,1,0.7954484195879314
3,754,0,13.568421964900082
3,754,1,0.3724391156912358
3,755,0,13.546497931847139
3,755,1,0.6392963877033178
3,756,0,13.543989204166273
3,756,1,0.5658887875952685
3,757,0,13.539522349367772
3,757,1,0.6020251213685185
3,758,0,13.500079035664635
3,758,1,0.9800825979357177
3,759,0,13.567127261981266
3,759,1,0.40397954798144253
3,760,0,13.469419078378904
3,760,1,1.2649054664131516
3,761,0,13.531990582131876
3,761,1,0.6614564136065227
3,762,0,13.518504974609348
3,762,1,0.8955218638729839
3,763,0,13.509483457083745
3,763,1,0.8775283964965681
3,764,0,13.601057998124809
3,764,1,0.06960010965057714
3,765,0,13.522117028383294
3,765,1,0.81172541539347
3,766,0,13.537851102811933
3,766,1,0.6553067915172133
3,767,0,13.485988707143974
3,767,1,1.1753089516841488
3,768,0,13.586367720102713
3,768,1,0.20651136555551533
3,769,0,13.484134954476948
3,769,1,1.2612006802420912
3,770,0,13.53700149202873
3,770,1,0.5564074505540623
3,771,0,13.481746062715054
3,771,1,1.193866997283199
3,772,0,13.536354875674187
3,772,1,0.6360521829371021
3,773,0,13.49845196143371
3,773,1,0.9187083533168188
3,774,0,13.471289182999572
3,774,1,1.2262771249534485
3,775,0,13.600163674375725
3,775,1,0.08572248526757817
3,776,0,13.532051220213692
3,776,1,0.8308768108052319
3,777,0,13.566509517661476
3,777,1,0.4388829795264124
3,778,0,13.493321955176016
3,778,1,0.9550432311551548
3,779,0,13.528536642045657
3,779,1,0.7936168708303389
3,780,0,13.531730960122559
3,780,1,0.6079641299016747
3,781,0,13.541591516039492
3,781,1,0.7750283568836028
3,782,0,13.587148284425535
3,782,1,0.21468265089958874
3,783,0,13.524822949857471
3,783,1,0.7833582177093179
3,784,0,13.56264390369198
3,784,1,0.46718759469686166
3,785,0,13.47419965323319
3,785,1,1.2063190941821493
3,786,0,13.526872043850648
3,786,1,0.8390628726727312
3,787,0,13.554935041585356
3,787,1,0.4524261438407035
3,788,0,13.527054152613296
3,788,1,0.8649328452020527
3,789,0,13.501650309928767
3,789,1,0.9987119074294547
3,790,0,13.517292712106306
3,790,1,0.7958989097139364
3,791,0,13.52251475334038
3,791,1,0.8467101634695654
3,792,0,13.548869700023635
3,792,1,0.5336907977106203
3,793,0,13.500360223814047
3,793,1,1.0686460678811278
3,794,0,13.483351785983874
3,794,1,0.97390779971883
3,795,0,13.50555534168509
3,795,1,1.090876199632808
3,796,0,13.536553795617221
3,796,1,0.6357608563370969
3,797,0,13.530386743564282
3,797,1,0.6737206380276409
3,798,0,13.535525286729248
3,798,1,0.70299182661543
3,799,0,13.53824590713813
3,799,1,0.6078083920276969
3,800,0,13.562363371068908
3,800,1,0.3769076798048338
3,801,0,13.517491411357412
3,801,1,0.8510605154709092
3,802,0,13.49936445887911
3,802,1,1.0430948401393356
3,803,0,13.492605523061593
3,803,1,1.0388116942696723
3,804,0,13.50239059101276
3,804,1,0.9022857896652504
3,805,0,13.562566111822246
3,805,1,0.4251564951379912
3,806,0,13.557909615255857
3,806,1,0.5037583048488704
3,807,0,13.55016985951464
3,807,1,0.6226784278362888
3,808,0,13.500637776692189
3,808,1,1.0306499447685957
3,809,0,13.528984562974909
3,809,1,0.735702972691493
3,810,0,13.466045929301492
3,810,1,1.3526347719442033
3,811,0,13.551542432069743
3,811,1,0.5618960295162508
3,812,0,13.525337043643203
3,812,1,0.7272587166008501
3,813,0,13.496965556776212
3,813,1,1.027022996990884
3,814,0,13.501359955500895
3,814,1,0.9036283887714025
3,815,0,13.56238950437455
3,815,1,0.43225036624448204
3,816,0,13.50375499389286
3,816,1,0.9412979771813976
3,817,0,13.531081329179921
3,817,1,0.7662764138076423
3,818,0,13.542922697773887
3,818,1,0.6521775228314933
3,819,0,13.568595701021888
3,819,1,0.39968470230306574
3,820,0,13.481281264807821
3,820,1,1.11162365369835
3,821,0,13.503608673817622
3,821,1,0.9282740274605709
3,822,0,13.611448352314538
3,822,1,-0.031700289193880536
3,823,0,13.478053681451621
3,823,1,1.2401441161442406
3,824,0,13.51210351935678
3,824,1,0.8178619330110708
3,825,0,13.566812879542415
3,825,1,0.4132694539349196
3,826,0,13.60448089505744
3,826,1,0.038746575607338116
3,827,0,13.532771547063593
3,827,1,0.6496456670370186
3,828,0,13.546739647145102
3,828,1,0.5915387714839995
3,829,0,13.491873020799055
3,829,1,1.0741545111259712
3,830,0,13.547770236973209
3,830,1,0.4689927868721149
3,831,0,13.568523707995395
3,831,1,0.31955493935237017
3,832,0,13.537709781879952
3,832,1,0.7924305144534031
3,833,0,13.527631320229295
3,833,1,0.7162196835698035
3,834,0,13.51263448480072
3,834,1,0.8389177901169378
3,835,0,13.477024125590278
3,835,1,0.9885183657386759
3,836,0,13.521497870342477
3,836,1,0.827366412468915
3,837,0,13.531482105868626
3,837,1,0.7141046181737324
3,838,0,13.49021626017747
3,838,1,1.0601769368198186
3,839,0,13.609397269801015
3,839,1,-0.007716334422699872
3,840,0,13.501005899862536
3,840,1,1.0255675573733674
3,841,0,13.49600687298984
3,841,1,1.1083359729916735
3,842,0,13.5276523284847
3,842,1,0.7615197246467236
3,843,0,13.583865755411052
3,843,1,0.2580849683860829
3,844,0,13.485674974081736
3,844,1,1.0091918177813064
3,845,0,13.550117477800905
3,845,1,0.5433735242457205
3,846,0,13.525942917041705
3,846,1,0.6986275811243841
3,847,0,13.525543034681952
3,847,1,0.7418105609581852
3,848,0,13.50813886235837
3,848,1,0.8380199569520506
3,849,0,13.517998500416546
3,849,1,0.7338807827687949
3,850,0,13.505419117538107
3,850,1,0.9277071992580417
3,851,0,13.47132210507228
3,851,1,1.1065589209338793
3,852,0,13.531057913262403
3,852,1,0.7560279827166522
3,853,0,13.516037901473533
3,853,1,0.8364824397112453
3,854,0,13.485083995836709
3,854,1,1.1800661451729202
3,855,0,13.502940686458555
3,855,1,0.8303230366465695
3,856,0,13.54596706251106
3,856,1,0.6253081021137243
3,857,0,13.575549827567551
3,857,1,0.34522507811750885
3,858,0,13.532918984830665
3,858,1,0.639010780076054
3,859,0,13.550753500482031
3,859,1,0.6730810996117756
3,860,0,13.476866111129706
3,860,1,1.122869515981304
3,861,0,13.605713336018276
3,861,1,0.023172024620486356
3,862,0,13.50045326632843
3,862,1,1.0645188089935789
3,863,0,13.47989911310905
3,863,1,1.1848301443709732
3,864,0,13.500077393580643
3,864,1,0.9605907950870419
3,865,0,13.539658977903308
3,865,1,0.627373531567025
3,866,0,13.51841561830436
3,866,1,0.8618905342770161
3,867,0,13.518619943473302
3,867,1,0.8474767541285358
3,868,0,13.541532193682967
3,868,1,0.5609702466198275
3,869,0,13.50488556687979
3,869,1,0.9367176267272656
3,870,0,13.529957336541692
3,870,1,0.6489836876764887
3,871,0,13.519144817099182
3,871,1,0.8254230862652393
3,872,0,13.544263845735951
3,872,1,0.6538086835568795
3,873,0,13.507520877340346
3,873,1,0.8271508967244604
3,874,0,13.50829165313673
3,874,1,0.8430140649385193
3,875,0,13.47351532728094
3,875,1,1.207757196244411
3,876,0,13.51679852415245
3,876,1,0.7778226938010913
3,877,0,13.519742092941183
3,877,1,0.7835922104649098
3,878,0,13.569692526379567
3,878,1,0.32922844155299774
3,879,0,13.499587029093593
3,879,1,0.8761108254351229
3,880,0,13.545091176702169
3,880,1,0.6231851271107752
3,881,0,13.576302401481827
3,881,1,0.23879616915158203
3,882,0,13.550609599829384
3,882,1,0.737930880271426
3,883,0,13.498394987488743
3,883,1,1.1744884783029428
3,884,0,13.450318995802036
3,884,1,1.4602079859759132
3,885,0,13.564468875314098
3,885,1,0.4220704948793797
3,886,0,13.49880102215332
3,886,1,0.8932388598001685
3,887,0,13.573248607721808
3,887,1,0.308282781319811
3,888,0,13.50695181864451
3,888,1,1.0372214670397641
3,889,0,13.506361466594607
3,889,1,0.834318549142062
3,890,0,13.520794983279618
3,890,1,0.8336971197719697
3,891,0,13.520065212624601
3,891,1,0.7786557611435297
3,892,0,13.548275442432866
3,892,1,0.6560286453733493
3,893,0,13.490522259299212
3,893,1,1.0346399144172256
3,894,0,13.54262966640562
3,894,1,0.7579188966926466
3,895,0,13.49994464759396
3,895,1,0.9055061017578104
3,896,0,13.496042911369985
3,896,1,1.0191768149561642
3,897,0,13.448390513068954
3,897,1,1.3540876840011364
3,898,0,13.58795818487997
3,898,1,0.2252695874547145
3,899,0,13.501641391565892
3,899,1,1.068744539697194
3,900,0,13.572343546082243
3,900,1,0.33126654372070935
3,901,0,13.49921138983227
3,901,1,0.9823539789788013
3,902,0,13.502983262160823
3,902,1,0.8987809740088747
3,903,0,13.475832284646797
3,903,1,1.160688356933342
3,904,0,13.471389129739181
3,904,1,1.1980116940551198
3,905,0,13.563791025117427
3,905,1,0.390553631444433
3,906,0,13.488678678702142
3,906,1,0.9991838248303949
3,907,0,13.492924893800742
3,907,1,1.113828552381594
3,908,0,13.470920610898043
3,908,1,1.2604334453174917
3,909,0,13.578635003412673
3,909,1,0.2885973259667257
3,910,0,13.489386102877395
3,910,1,1.075900580497241
3,911,0,13.535945894485208
3,911,1,0.5614812612811791
3,912,0,13.568749155810139
3,912,1,0.3335846370035526
3,913,0,13.5822793740783
3,913,1,0.28199409994948627
3,914,0,13.487313143513484
3,914,1,1.1270295404673125
3,915,0,13.561399845269065
3,915,1,0.4627757390328965
3,916,0,13.505188332826407
3,916,1,0.9333879153728287
3,917,0,13.46572607784376
3,917,1,1.2983696443092614
3,918,0,13.551228792530374
3,918,1,0.5232047725992999
3,919,0,13.52619794598297
3,919,1,0.7491805978222302
3,920,0,13.559756585571066
3,920,1,0.41974652253165196
3,921,0,13.446991483467288
3,921,1,1.5271486953929232
3,922,0,13.459044086104385
3,922,1,1.3394745123447924
3,923,0,13.50177217009619
3,923,1,1.036308976068514
3,924,0,13.51931359904612
3,924,1,0.7413708982949829
3,925,0,13.572058291682348
3,925,1,0.33316418531671194
3,926,0,13.527331058878156
3,926,1,0.7876228144223493
3,927,0,13.504374954367254
3,927,1,0.8785478370413253
3,928,0,13.557156012664185
3,928,1,0.5114137106881004
3,929,0,13.508156316799159
3,929,1,0.7460633920558633
3,930,0,13.477769771488527
3,930,1,1.037497670385737
3,931,0,13.489215415137485
3,931,1,0.9839734858386916
3,932,0,13.488680349225348
3,932,1,1.0910278033850507
3,933,0,13.561682241434953
3,933,1,0.4567648916897011
3,934,0,13.519875485862466
3,934,1,0.733913230514546
3,935,0,13.567355590478302
3,935,1,0.39133016631156753
3,936,0,13.47011548739786
3,936,1,1.0579579171893034
3,937,0,13.510983558193484
3,937,1,0.8451109474077132
3,938,0,13.516466584179607
3,938,1,0.94066927398816
3,939,0,13.50225929809851
3,939,1,0.9369976838126451
3,940,0,13.489088411102758
3,940,1,1.1027048707418425
3,941,0,13.503771377289855
3,941,1,0.9129955054742296
3,942,0,13.478724310835213
3,942,1,1.077001329819979
3,943,0,13.517607310968247
3,943,1,0.8026181597150471
3,944,0,13.549788582414768
3,944,1,0.6026734534539314
3,945,0,13.53356544627964
3,945,1,0.831275154774425
3,946,0,13.50343061721942
3,946,1,0.9186731691048748
3,947,0,13.579345104708594
3,947,1,0.2555093931994593
3,948,0,13.549833868957663
3,948,1,0.49116204859374246
3,949,0,13.577431383545376
3,949,1,0.34483422015600296
3,950,0,13.519174728172933
3,950,1,0.7901457663872117
3,951,0,13.559303538835556
3,951,1,0.386329995919877
3,952,0,13.540216810468683
3,952,1,0.5876860800252494
3,953,0,13.57528883651408
3,953,1,0.32417904342615944
3,954,0,13.520420683424412
3,954,1,0.8973581204122405
3,955,0,13.57937816507141
3,955,1,0.2308817628783551
3,956,0,13.536815853595675
3,956,1,0.6232356200866921
3,957,0,13.589401121137886
3,957,1,0.18627515908466685
3,958,0,13.522995325980654
3,958,1,0.7411608921829784
3,959,0,13.496561420296668
3,959,1,1.219024360540104
3,960,0,13.516340287480206
3,960,1,0.8438400537284386
3,961,0,13.481789819855953
3,961,1,1.2151215121687178
3,962,0,13.561992923731632
3,962,1,0.39623014251715566
3,963,0,13.515331403722241
3,963,1,0.8761057821787794
3,964,0,13.51598094058938
3,964,1,0.8731457688504995
3,965,0,13.537524832691405
3,965,1,0.5924230579134652
3,966,0,13.477223299880908
3,966,1,1.1483043615390298
3,967,0,13.559322548101402
3,967,1,0.4376046746217811
3,968,0,13.50693845360862
3,968,1,1.0563252246043728
3,969,0,13.530879418321987
3,969,1,0.6659273029050838
3,970,0,13.549302028292733
3,970,1,0.5358689596350525
3,971,0,13.488091864119541
3,971,1,1.1368444629518162
3,972,0,13.534235839524406
3,972,1,0.6268758356161596
3,973,0,13.512843417275766
3,973,1,0.8171530826869465
3,974,0,13.518443590650906
3,974,1,0.7469301011443494
3,975,0,13.569783303766798
3,975,1,0.3677805488368735
3,976,0,13.552333603885895
3,976,1,0.5415279351955185
3,977,0,13.515252548880238
3,977,1,0.8315328964581488
3,978,0,13.534364791973882
3,978,1,0.6382825599279208
3,979,0,13.580085539710138
3,979,1,0.28664346865404605
3,980,0,13.50260777412242
3,980,1,1.0242181169971691
3,981,0,13.562422918642627
3,981,1,0.3651460538020411
3,982,0,13.54777000474893
3,982,1,0.6534506732928077
3,983,0,13.509352516993195
3,983,1,0.8110487251970883
3,984,0,13.540402184015027
3,984,1,0.6144723386780084
3,985,0,13.533493822154275
3,985,1,0.6320040677444017
3,986,0,13.509679898256724
3,986,1,0.7875296764349561
3,987,0,13.52572474906404
3,987,1,0.6193878892324528
3,988,0,13.526201807230484
3,988,1,0.8206870503786174
3,989,0,13.53695045332341
3,989,1,0.7818451867510688
3,990,0,13.542843712383391
3,990,1,0.5673121198106419
3,991,0,13.50451059874125
3,991,1,1.0044099691375725
3,992,0,13.552361493114606
3,992,1,0.5278800558691573
3,993,0,13.450356730055123
3,993,1,1.3482557508384936
3,994,0,13.524754663682073
3,994,1,0.810427061702983
3,995,0,13.545101232821844
3,995,1,0.6295130120043195
3,996,0,13.543316507284842
3,996,1,0.6147518764218386
3,997,0,13.498020868717678
3,997,1,1.0211720331197867
3,998,0,13.502409391995354
3,998,1,0.9440838645971794
3,999,0,13.544602641609584
3,999,1,0.5349421693588133
